t0,t1,t2,AUC,fpr,tpr,thresholds
1990_1992,1993_1995,1996_1998,0.927851397250633,"[0.00000000e+00 0.00000000e+00 1.41522785e-04 ... 9.99893858e-01
 9.99964619e-01 1.00000000e+00]",[0.         0.00540541 0.00540541 ... 1.         1.         1.        ],[1.4175e+00 4.1750e-01 4.0890e-01 ... 1.0000e-03 7.0000e-04 6.0000e-04]
1990_1992,1996_1998,2002_2004,0.893843218575271,"[0.00000000e+00 3.58281681e-05 1.79140841e-04 ... 9.99749203e-01
 9.99892515e-01 1.00000000e+00]",[0. 0. 0. ... 1. 1. 1.],[1.4874e+00 4.8740e-01 4.7990e-01 ... 1.3000e-03 1.0000e-03 8.0000e-04]
1990_1992,1999_2001,2008_2010,0.8431272207387144,"[0.00000000e+00 3.66354045e-05 3.66354045e-05 ... 9.99816823e-01
 9.99963365e-01 1.00000000e+00]",[0.         0.         0.00123457 ... 1.         1.         1.        ],[1.6652e+00 6.6520e-01 5.9250e-01 ... 4.0000e-04 3.0000e-04 1.0000e-04]
1990_1992,2002_2004,2014_2016,0.8495815381276256,"[0.00000000e+00 3.77244605e-05 3.77244605e-05 ... 9.99698204e-01
 9.99962276e-01 1.00000000e+00]","[0.00000000e+00 0.00000000e+00 7.12758375e-04 ... 1.00000000e+00
 1.00000000e+00 1.00000000e+00]",[1.6313e+00 6.3130e-01 6.2230e-01 ... 2.0000e-04 1.0000e-04 0.0000e+00]
1993_1995,1996_1998,1999_2001,0.9235456504174522,"[0.00000000e+00 3.55795915e-05 2.84636732e-04 ... 9.99857682e-01
 9.99893261e-01 1.00000000e+00]",[0. 0. 0. ... 1. 1. 1.],[1.3248e+00 3.2480e-01 2.7350e-01 ... 1.5000e-03 1.3000e-03 1.2000e-03]
1993_1995,1999_2001,2005_2007,0.885085134098909,"[0.00000000e+00 3.61846866e-05 1.08554060e-04 ... 9.99891446e-01
 9.99963815e-01 1.00000000e+00]",[0. 0. 0. ... 1. 1. 1.],[1.4233e+00 4.2330e-01 3.8630e-01 ... 3.0000e-04 2.0000e-04 1.0000e-04]
1993_1995,2002_2004,2011_2013,0.8600198472064309,"[0.00000000e+00 0.00000000e+00 7.42721331e-05 ... 9.99814320e-01
 9.99962864e-01 1.00000000e+00]",[0.         0.00101729 0.00101729 ... 1.         1.         1.        ],[1.4335e+00 4.3350e-01 4.2140e-01 ... 3.0000e-04 2.0000e-04 1.0000e-04]
1993_1995,2005_2007,2017_2019,0.827176530163926,"[0.00000000e+00 3.85876905e-05 7.71753811e-05 ... 9.99305422e-01
 9.99845649e-01 1.00000000e+00]",[0. 0. 0. ... 1. 1. 1.],[1.5857e+00 5.8570e-01 5.6650e-01 ... 3.0000e-04 2.0000e-04 1.0000e-04]
1996_1998,1999_2001,2002_2004,0.8580908730957099,"[0.00000000e+00 3.58281681e-05 7.16563362e-05 7.16563362e-05
 4.29938017e-04 4.29938017e-04 5.37422522e-04 6.09078858e-04
 7.88219698e-04 8.59876035e-04 9.31532371e-04 9.31532371e-04
 1.00318871e-03 1.07484504e-03 1.07484504e-03 1.18232955e-03
 1.18232955e-03 1.28981405e-03 1.39729856e-03 1.43312672e-03
 1.43312672e-03 1.50478306e-03 1.50478306e-03 2.00637741e-03
 2.14969009e-03 2.65128444e-03 2.72294078e-03 2.75876894e-03
 2.79459711e-03 2.86625345e-03 2.90208162e-03 2.97373795e-03
 2.97373795e-03 3.00956612e-03 3.08122246e-03 3.26036330e-03
 3.33201963e-03 3.61864498e-03 3.69030131e-03 3.90527032e-03
 3.90527032e-03 4.01275483e-03 4.01275483e-03 4.08441116e-03
 4.37103651e-03 4.65766185e-03 4.65766185e-03 4.72931819e-03
 4.94428720e-03 5.01594353e-03 5.05177170e-03 5.12342804e-03
 5.23091254e-03 5.44588155e-03 5.48170972e-03 5.48170972e-03
 5.58919422e-03 5.73250690e-03 5.83999140e-03 5.91164774e-03
 6.01913224e-03 6.23410125e-03 6.34158575e-03 6.34158575e-03
 6.44907026e-03 6.59238293e-03 6.62821110e-03 6.73569560e-03
 6.77152377e-03 6.84318011e-03 6.87900828e-03 6.95066461e-03
 6.98649278e-03 7.05814912e-03 7.20146179e-03 7.27311813e-03
 7.34477446e-03 7.34477446e-03 7.52391530e-03 7.66722797e-03
 7.70305614e-03 7.77471248e-03 7.81054065e-03 7.95385332e-03
 7.98968149e-03 8.06133782e-03 8.09716599e-03 8.16882233e-03
 8.24047866e-03 8.27630683e-03 8.27630683e-03 8.41961950e-03
 8.41961950e-03 8.45544767e-03 8.52710401e-03 8.56293218e-03
 8.59876035e-03 8.70624485e-03 8.77790119e-03 8.92121386e-03
 9.02869836e-03 9.06452653e-03 9.10035470e-03 9.17201104e-03
 9.24366737e-03 9.31532371e-03 9.38698004e-03 9.45863638e-03
 9.56612088e-03 9.63777722e-03 9.70943356e-03 9.81691806e-03
 1.00318871e-02 1.01035434e-02 1.02110279e-02 1.03543406e-02
 1.03543406e-02 1.04259969e-02 1.04976533e-02 1.05693096e-02
 1.06409659e-02 1.07126223e-02 1.07842786e-02 1.08559349e-02
 1.09634194e-02 1.10350758e-02 1.11067321e-02 1.11067321e-02
 1.12500448e-02 1.13217011e-02 1.13575293e-02 1.14291856e-02
 1.14291856e-02 1.15724983e-02 1.16441546e-02 1.16799828e-02
 1.17874673e-02 1.18591236e-02 1.19666081e-02 1.20024363e-02
 1.20740927e-02 1.22174053e-02 1.23248898e-02 1.24323743e-02
 1.25040307e-02 1.25756870e-02 1.26831715e-02 1.27548278e-02
 1.27906560e-02 1.28623123e-02 1.28981405e-02 1.29697969e-02
 1.29697969e-02 1.30414532e-02 1.32205940e-02 1.32564222e-02
 1.32922504e-02 1.33280785e-02 1.33639067e-02 1.35072194e-02
 1.35072194e-02 1.35788757e-02 1.36505320e-02 1.36863602e-02
 1.37580166e-02 1.38296729e-02 1.39729856e-02 1.41162982e-02
 1.41879546e-02 1.42237827e-02 1.42954391e-02 1.43312672e-02
 1.44745799e-02 1.45462363e-02 1.46895489e-02 1.48328616e-02
 1.49403461e-02 1.50120024e-02 1.50836588e-02 1.51194869e-02
 1.52627996e-02 1.53344559e-02 1.54061123e-02 1.54419405e-02
 1.55135968e-02 1.55494250e-02 1.56210813e-02 1.56569095e-02
 1.57285658e-02 1.58360503e-02 1.58718785e-02 1.59077066e-02
 1.59793630e-02 1.60151911e-02 1.62301602e-02 1.63018165e-02
 1.63734728e-02 1.64451292e-02 1.65526137e-02 1.65884418e-02
 1.67317545e-02 1.68034108e-02 1.68750672e-02 1.69108953e-02
 1.69825517e-02 1.70900362e-02 1.71258644e-02 1.71975207e-02
 1.72333489e-02 1.73408334e-02 1.74124897e-02 1.74483179e-02
 1.75199742e-02 1.76632869e-02 1.78065995e-02 1.78782559e-02
 1.79140841e-02 1.79857404e-02 1.80932249e-02 1.81290531e-02
 1.83081939e-02 1.83798502e-02 1.85948192e-02 1.87381319e-02
 1.88097883e-02 1.89531009e-02 1.89531009e-02 1.89889291e-02
 1.90964136e-02 1.91322418e-02 1.92397263e-02 1.93113826e-02
 1.93472108e-02 1.93830389e-02 1.95263516e-02 1.95980080e-02
 1.97054925e-02 1.97771488e-02 1.98129770e-02 1.98846333e-02
 2.00279460e-02 2.01354305e-02 2.02070868e-02 2.03145713e-02
 2.03862277e-02 2.04220558e-02 2.05653685e-02 2.06370248e-02
 2.07445093e-02 2.07803375e-02 2.08161657e-02 2.08878220e-02
 2.09953065e-02 2.11027910e-02 2.11744474e-02 2.12102755e-02
 2.12819319e-02 2.13894164e-02 2.14252445e-02 2.15327290e-02
 2.16043854e-02 2.16760417e-02 2.17476980e-02 2.17835262e-02
 2.18551825e-02 2.18910107e-02 2.19984952e-02 2.20343234e-02
 2.21059797e-02 2.23209487e-02 2.24284332e-02 2.25359177e-02
 2.26075741e-02 2.26434022e-02 2.28583713e-02 2.30016839e-02
 2.30375121e-02 2.32166529e-02 2.33241374e-02 2.34674501e-02
 2.35032783e-02 2.36107628e-02 2.38257318e-02 2.40407008e-02
 2.40765290e-02 2.41840135e-02 2.43273261e-02 2.45064670e-02
 2.45781233e-02 2.46497797e-02 2.47214360e-02 2.47572642e-02
 2.47930923e-02 2.48647487e-02 2.50797177e-02 2.52588585e-02
 2.52946867e-02 2.54379994e-02 2.55096557e-02 2.56529684e-02
 2.56887965e-02 2.57604529e-02 2.60470782e-02 2.61545627e-02
 2.61903909e-02 2.62620472e-02 2.64411881e-02 2.66203289e-02
 2.66919852e-02 2.68711261e-02 2.70144388e-02 2.70860951e-02
 2.72294078e-02 2.72652359e-02 2.74085486e-02 2.74443768e-02
 2.76235176e-02 2.76951739e-02 2.77310021e-02 2.78026585e-02
 2.78743148e-02 2.79101430e-02 2.79459711e-02 2.81251120e-02
 2.82325965e-02 2.83042528e-02 2.84117373e-02 2.85908781e-02
 2.86625345e-02 2.88058472e-02 2.88775035e-02 2.89133317e-02
 2.90566443e-02 2.91283007e-02 2.91641288e-02 2.93074415e-02
 2.94149260e-02 2.94865824e-02 2.95582387e-02 2.96657232e-02
 2.98448640e-02 2.99165204e-02 3.00956612e-02 3.01673175e-02
 3.03464584e-02 3.05614274e-02 3.07763964e-02 3.08480527e-02
 3.09197091e-02 3.12779908e-02 3.14213034e-02 3.16004443e-02
 3.16721006e-02 3.17079288e-02 3.18512414e-02 3.19587260e-02
 3.19945541e-02 3.20662105e-02 3.21020386e-02 3.22453513e-02
 3.23170076e-02 3.23528358e-02 3.24603203e-02 3.24961485e-02
 3.25678048e-02 3.27111175e-02 3.28186020e-02 3.29977428e-02
 3.31052273e-02 3.32485400e-02 3.34635090e-02 3.35351653e-02
 3.37143062e-02 3.37859625e-02 3.41442442e-02 3.44308695e-02
 3.45383541e-02 3.46816667e-02 3.48966357e-02 3.50757766e-02
 3.51832611e-02 3.53982301e-02 3.55773709e-02 3.56490273e-02
 3.58998244e-02 3.60789653e-02 3.62222780e-02 3.64372470e-02
 3.66163878e-02 3.67597005e-02 3.68671850e-02 3.71179822e-02
 3.72612948e-02 3.73687793e-02 3.76195765e-02 3.78345455e-02
 3.80495145e-02 3.81928272e-02 3.82644835e-02 3.86227652e-02
 3.88377342e-02 3.93393286e-02 3.94468131e-02 3.96259539e-02
 3.98409229e-02 4.00200638e-02 4.00917201e-02 4.01275483e-02
 4.02708610e-02 4.05216581e-02 4.07366271e-02 4.08799398e-02
 4.10232525e-02 4.12382215e-02 4.14173623e-02 4.14890187e-02
 4.19189567e-02 4.23488947e-02 4.25280355e-02 4.27430046e-02
 4.30296299e-02 4.32445989e-02 4.33520834e-02 4.34953961e-02
 4.40328186e-02 4.41761313e-02 4.43552721e-02 4.44985848e-02
 4.47135538e-02 4.48568665e-02 4.50360073e-02 4.52509763e-02
 4.55734298e-02 4.59317115e-02 4.60750242e-02 4.63258214e-02
 4.64333059e-02 4.66841030e-02 4.68632439e-02 4.72215256e-02
 4.75798072e-02 4.78306044e-02 4.81172298e-02 4.83680269e-02
 4.86188241e-02 4.87621368e-02 4.89412776e-02 4.92995593e-02
 4.96220128e-02 4.99444663e-02 5.00877790e-02 5.03385762e-02
 5.06252015e-02 5.09476550e-02 5.11267959e-02 5.14134212e-02
 5.16642184e-02 5.20583283e-02 5.23091254e-02 5.27390635e-02
 5.30973451e-02 5.33481423e-02 5.37780803e-02 5.40647057e-02
 5.44229874e-02 5.47096127e-02 5.52112071e-02 5.54978324e-02
 5.57486296e-02 5.60710831e-02 5.64293648e-02 5.66443338e-02
 5.68951310e-02 5.72175845e-02 5.76116943e-02 5.78983197e-02
 5.80058042e-02 5.82566013e-02 5.87223675e-02 5.88298520e-02
 5.91523055e-02 5.92956182e-02 5.97972126e-02 6.00480097e-02
 6.06212604e-02 6.09437139e-02 6.13019956e-02 6.16602773e-02
 6.19469027e-02 6.24126688e-02 6.27351224e-02 6.32367167e-02
 6.38816237e-02 6.41682491e-02 6.47056716e-02 6.49206406e-02
 6.52789223e-02 6.57446885e-02 6.63537673e-02 6.70345025e-02
 6.72852997e-02 6.75360969e-02 6.82526602e-02 6.86467701e-02
 6.92558489e-02 6.97574433e-02 7.01873813e-02 7.10114292e-02
 7.15488517e-02 7.23012432e-02 7.30178066e-02 7.36268855e-02
 7.39851671e-02 7.44509333e-02 7.56690910e-02 7.62065136e-02
 7.66722797e-02 7.73171868e-02 7.77829530e-02 7.83562036e-02
 7.93235642e-02 7.97535022e-02 8.04700656e-02 8.16523951e-02
 8.25480993e-02 8.34079754e-02 8.44828204e-02 8.50918993e-02
 8.58084626e-02 8.68474795e-02 8.78506682e-02 8.89613414e-02
 8.97137329e-02 9.11468597e-02 9.20425639e-02 9.25799864e-02
 9.33682061e-02 9.44788793e-02 9.55537243e-02 9.69151947e-02
 9.78825553e-02 9.92081975e-02 1.00569668e-01 1.02504389e-01
 1.03794203e-01 1.04869048e-01 1.06266347e-01 1.07556161e-01
 1.09311741e-01 1.11138977e-01 1.12822901e-01 1.14076887e-01
 1.15975780e-01 1.17444735e-01 1.18698721e-01 1.20346817e-01
 1.21887428e-01 1.23929633e-01 1.25828526e-01 1.27942388e-01
 1.29877109e-01 1.32062628e-01 1.34212318e-01 1.36003726e-01
 1.38189244e-01 1.40697216e-01 1.43133532e-01 1.45354878e-01
 1.47934506e-01 1.50836588e-01 1.53846154e-01 1.56748235e-01
 1.59435348e-01 1.62767368e-01 1.66099387e-01 1.70327111e-01
 1.74411522e-01 1.79284153e-01 1.83117767e-01 1.86987209e-01
 1.92038981e-01 1.96410018e-01 2.01246820e-01 2.05689513e-01
 2.11672817e-01 2.17082871e-01 2.23137831e-01 2.29694386e-01
 2.36465909e-01 2.44025653e-01 2.51585396e-01 2.59109312e-01
 2.68388807e-01 2.76951739e-01 2.86517860e-01 2.96908029e-01
 3.08408871e-01 3.20053026e-01 3.33345276e-01 3.49073842e-01
 3.65913081e-01 3.84615385e-01 4.06363083e-01 4.32983412e-01
 4.61681774e-01 4.97545770e-01 5.42510121e-01 5.91809681e-01
 6.40285192e-01 6.90874566e-01 7.32686038e-01 7.65862921e-01
 7.93952205e-01 8.16094013e-01 8.35512880e-01 8.54179356e-01
 8.71985955e-01 8.88108631e-01 9.04840386e-01 9.19350794e-01
 9.32607216e-01 9.44466339e-01 9.54856508e-01 9.62738705e-01
 9.70011823e-01 9.75744330e-01 9.80258679e-01 9.84737200e-01
 9.87997564e-01 9.90039769e-01 9.91616209e-01 9.93407617e-01
 9.94339149e-01 9.95342338e-01 9.96023073e-01 9.96882949e-01
 9.97492028e-01 9.97993623e-01 9.98351904e-01 9.98781842e-01
 9.99032639e-01 9.99211780e-01 9.99283437e-01 9.99426749e-01
 9.99641718e-01 9.99749203e-01 9.99820859e-01 1.00000000e+00]","[0.         0.         0.         0.00512821 0.00512821 0.01025641
 0.01025641 0.01025641 0.01025641 0.01025641 0.01025641 0.01538462
 0.01538462 0.01538462 0.02051282 0.02051282 0.02564103 0.02564103
 0.02564103 0.02564103 0.03076923 0.03076923 0.03589744 0.03589744
 0.03589744 0.03589744 0.03589744 0.03589744 0.04102564 0.04102564
 0.04102564 0.04102564 0.04615385 0.04615385 0.04615385 0.04615385
 0.04615385 0.04615385 0.04615385 0.04615385 0.05128205 0.05128205
 0.05641026 0.05641026 0.05641026 0.05641026 0.06153846 0.06153846
 0.06153846 0.07179487 0.07179487 0.07692308 0.07692308 0.07692308
 0.07692308 0.08205128 0.08205128 0.08205128 0.08205128 0.08205128
 0.08205128 0.08205128 0.08205128 0.08717949 0.08717949 0.08717949
 0.08717949 0.08717949 0.08717949 0.08717949 0.08717949 0.08717949
 0.08717949 0.08717949 0.08717949 0.08717949 0.08717949 0.0974359
 0.0974359  0.0974359  0.0974359  0.0974359  0.0974359  0.0974359
 0.0974359  0.0974359  0.0974359  0.0974359  0.0974359  0.1025641
 0.11282051 0.11282051 0.12307692 0.12307692 0.12307692 0.12307692
 0.12820513 0.12820513 0.12820513 0.12820513 0.12820513 0.13333333
 0.13333333 0.13333333 0.13333333 0.13333333 0.13333333 0.13333333
 0.13333333 0.13333333 0.13333333 0.13333333 0.13333333 0.13333333
 0.13333333 0.13333333 0.13846154 0.14358974 0.14358974 0.14358974
 0.14358974 0.14358974 0.14358974 0.14358974 0.14358974 0.14358974
 0.14358974 0.15384615 0.15384615 0.15384615 0.15384615 0.15384615
 0.15897436 0.15897436 0.16410256 0.16410256 0.16410256 0.16410256
 0.16410256 0.16410256 0.16410256 0.16410256 0.16410256 0.16410256
 0.16410256 0.16410256 0.16410256 0.16410256 0.16410256 0.16410256
 0.16410256 0.16410256 0.16923077 0.16923077 0.16923077 0.16923077
 0.17435897 0.17435897 0.17948718 0.17948718 0.18461538 0.18461538
 0.18461538 0.18974359 0.19487179 0.19487179 0.19487179 0.19487179
 0.2        0.2        0.2        0.2        0.2        0.2
 0.2        0.2        0.2        0.20512821 0.20512821 0.20512821
 0.20512821 0.20512821 0.20512821 0.20512821 0.20512821 0.20512821
 0.20512821 0.21025641 0.21025641 0.21025641 0.21538462 0.21538462
 0.21538462 0.21538462 0.21538462 0.21538462 0.22051282 0.22051282
 0.22564103 0.22564103 0.22564103 0.23076923 0.23076923 0.23076923
 0.23076923 0.23076923 0.23076923 0.23076923 0.23076923 0.23076923
 0.23076923 0.23076923 0.23076923 0.23076923 0.23076923 0.23076923
 0.23076923 0.23076923 0.23076923 0.23076923 0.23076923 0.23076923
 0.23076923 0.23076923 0.23076923 0.23076923 0.23589744 0.24102564
 0.24102564 0.24615385 0.24615385 0.24615385 0.24615385 0.25128205
 0.25128205 0.25128205 0.25641026 0.25641026 0.25641026 0.25641026
 0.25641026 0.25641026 0.25641026 0.26153846 0.26153846 0.26153846
 0.26153846 0.26153846 0.26153846 0.26153846 0.26666667 0.27179487
 0.27692308 0.28717949 0.29230769 0.29230769 0.29230769 0.29230769
 0.29230769 0.2974359  0.2974359  0.2974359  0.2974359  0.2974359
 0.2974359  0.2974359  0.2974359  0.3025641  0.3025641  0.3025641
 0.30769231 0.30769231 0.31282051 0.31794872 0.31794872 0.31794872
 0.31794872 0.31794872 0.32307692 0.32307692 0.32307692 0.32307692
 0.32307692 0.32820513 0.32820513 0.32820513 0.32820513 0.32820513
 0.32820513 0.32820513 0.33333333 0.33333333 0.33846154 0.33846154
 0.33846154 0.33846154 0.34358974 0.34358974 0.34871795 0.35384615
 0.35384615 0.35384615 0.35384615 0.35384615 0.35384615 0.35384615
 0.35384615 0.35897436 0.35897436 0.35897436 0.35897436 0.35897436
 0.35897436 0.35897436 0.35897436 0.35897436 0.35897436 0.35897436
 0.35897436 0.36410256 0.36410256 0.36410256 0.36923077 0.36923077
 0.36923077 0.36923077 0.36923077 0.36923077 0.36923077 0.36923077
 0.36923077 0.36923077 0.36923077 0.36923077 0.36923077 0.36923077
 0.36923077 0.36923077 0.37435897 0.37948718 0.37948718 0.37948718
 0.38461538 0.38461538 0.38974359 0.38974359 0.38974359 0.38974359
 0.38974359 0.38974359 0.38974359 0.38974359 0.38974359 0.38974359
 0.38974359 0.38974359 0.38974359 0.38974359 0.38974359 0.38974359
 0.38974359 0.38974359 0.38974359 0.38974359 0.39487179 0.39487179
 0.39487179 0.39487179 0.39487179 0.39487179 0.39487179 0.4
 0.4        0.40512821 0.40512821 0.40512821 0.40512821 0.40512821
 0.40512821 0.40512821 0.40512821 0.40512821 0.41025641 0.41538462
 0.42051282 0.42051282 0.42051282 0.42051282 0.42051282 0.42051282
 0.42051282 0.42051282 0.42051282 0.42564103 0.42564103 0.43076923
 0.43076923 0.43076923 0.43076923 0.43589744 0.43589744 0.43589744
 0.43589744 0.44102564 0.44102564 0.44615385 0.44615385 0.44615385
 0.44615385 0.45128205 0.45128205 0.45128205 0.45641026 0.45641026
 0.45641026 0.45641026 0.45641026 0.45641026 0.45641026 0.46153846
 0.46666667 0.46666667 0.46666667 0.46666667 0.46666667 0.46666667
 0.46666667 0.46666667 0.46666667 0.46666667 0.46666667 0.46666667
 0.46666667 0.46666667 0.46666667 0.46666667 0.46666667 0.47179487
 0.48205128 0.48205128 0.48205128 0.48205128 0.48205128 0.48717949
 0.48717949 0.49230769 0.49230769 0.49230769 0.4974359  0.4974359
 0.4974359  0.50769231 0.50769231 0.50769231 0.50769231 0.50769231
 0.50769231 0.50769231 0.51282051 0.51282051 0.51282051 0.51282051
 0.51794872 0.51794872 0.52307692 0.52820513 0.52820513 0.52820513
 0.52820513 0.52820513 0.52820513 0.53333333 0.53333333 0.53333333
 0.53846154 0.53846154 0.53846154 0.53846154 0.53846154 0.53846154
 0.53846154 0.53846154 0.53846154 0.53846154 0.53846154 0.53846154
 0.54358974 0.54358974 0.55384615 0.55384615 0.55897436 0.55897436
 0.55897436 0.56410256 0.56410256 0.56410256 0.56410256 0.57435897
 0.57948718 0.57948718 0.58461538 0.58461538 0.58461538 0.59487179
 0.59487179 0.59487179 0.59487179 0.59487179 0.59487179 0.59487179
 0.6        0.6        0.6        0.6        0.6        0.6
 0.60512821 0.60512821 0.60512821 0.60512821 0.61025641 0.61025641
 0.61025641 0.61025641 0.61025641 0.61025641 0.61025641 0.61025641
 0.61538462 0.62051282 0.62564103 0.63076923 0.63076923 0.63076923
 0.63589744 0.63589744 0.63589744 0.63589744 0.63589744 0.64102564
 0.64615385 0.65641026 0.65641026 0.66153846 0.66153846 0.67179487
 0.67692308 0.68205128 0.68717949 0.68717949 0.68717949 0.69230769
 0.69230769 0.6974359  0.6974359  0.7025641  0.71282051 0.71282051
 0.71282051 0.71282051 0.71794872 0.72307692 0.73333333 0.73846154
 0.73846154 0.73846154 0.73846154 0.73846154 0.73846154 0.74358974
 0.75897436 0.75897436 0.76923077 0.77948718 0.77948718 0.77948718
 0.78974359 0.8        0.8        0.81025641 0.81538462 0.82051282
 0.82051282 0.82564103 0.82564103 0.83076923 0.83589744 0.83589744
 0.84102564 0.85128205 0.85128205 0.85128205 0.86153846 0.86666667
 0.87179487 0.87179487 0.87179487 0.87179487 0.87179487 0.87179487
 0.88205128 0.88205128 0.88205128 0.89230769 0.9025641  0.90769231
 0.92307692 0.92820513 0.93846154 0.94871795 0.94871795 0.94871795
 0.95384615 0.95897436 0.96410256 0.96410256 0.97435897 0.97435897
 0.97948718 0.97948718 0.97948718 0.98461538 0.98461538 0.99487179
 0.99487179 0.99487179 0.99487179 0.99487179 1.         1.
 1.         1.         1.         1.         1.         1.
 1.         1.         1.         1.         1.         1.
 1.         1.         1.         1.         1.         1.        ]","[1.1691e+00 1.6910e-01 1.5520e-01 1.5230e-01 1.2960e-01 1.2860e-01
 1.2730e-01 1.2720e-01 1.2460e-01 1.2440e-01 1.2300e-01 1.2230e-01
 1.2150e-01 1.2130e-01 1.2050e-01 1.1900e-01 1.1840e-01 1.1680e-01
 1.1640e-01 1.1590e-01 1.1530e-01 1.1510e-01 1.1470e-01 1.1050e-01
 1.0960e-01 1.0360e-01 1.0350e-01 1.0340e-01 1.0330e-01 1.0250e-01
 1.0240e-01 1.0230e-01 1.0200e-01 1.0180e-01 1.0160e-01 1.0030e-01
 1.0020e-01 9.7800e-02 9.7600e-02 9.5700e-02 9.5200e-02 9.4800e-02
 9.4200e-02 9.3500e-02 9.1700e-02 8.9900e-02 8.9800e-02 8.9400e-02
 8.9000e-02 8.8400e-02 8.8300e-02 8.8100e-02 8.7300e-02 8.6800e-02
 8.6600e-02 8.6400e-02 8.5800e-02 8.5600e-02 8.5100e-02 8.5000e-02
 8.4500e-02 8.3700e-02 8.3300e-02 8.3100e-02 8.2100e-02 8.1400e-02
 8.1300e-02 8.1100e-02 8.1000e-02 8.0900e-02 8.0600e-02 8.0500e-02
 8.0400e-02 8.0300e-02 7.9800e-02 7.9600e-02 7.9200e-02 7.9000e-02
 7.7900e-02 7.7300e-02 7.7200e-02 7.7100e-02 7.7000e-02 7.6400e-02
 7.6300e-02 7.6100e-02 7.5600e-02 7.5400e-02 7.5200e-02 7.5100e-02
 7.5000e-02 7.4000e-02 7.3800e-02 7.3700e-02 7.3600e-02 7.3500e-02
 7.3400e-02 7.2600e-02 7.2500e-02 7.1500e-02 7.1400e-02 7.1300e-02
 7.1200e-02 7.1100e-02 7.0800e-02 7.0700e-02 7.0300e-02 7.0100e-02
 6.9600e-02 6.9500e-02 6.9200e-02 6.8800e-02 6.7900e-02 6.7700e-02
 6.7200e-02 6.6900e-02 6.6800e-02 6.6700e-02 6.6500e-02 6.6400e-02
 6.6200e-02 6.6100e-02 6.5800e-02 6.5600e-02 6.5300e-02 6.5200e-02
 6.4900e-02 6.4800e-02 6.4700e-02 6.4600e-02 6.4400e-02 6.4300e-02
 6.4200e-02 6.3400e-02 6.3300e-02 6.3100e-02 6.2900e-02 6.2700e-02
 6.2500e-02 6.2400e-02 6.2100e-02 6.1400e-02 6.1300e-02 6.0900e-02
 6.0800e-02 6.0600e-02 6.0500e-02 6.0400e-02 6.0200e-02 6.0100e-02
 5.9900e-02 5.9800e-02 5.9700e-02 5.9600e-02 5.9500e-02 5.9300e-02
 5.9200e-02 5.9100e-02 5.8900e-02 5.8700e-02 5.8500e-02 5.8400e-02
 5.8100e-02 5.8000e-02 5.7900e-02 5.7600e-02 5.7500e-02 5.7100e-02
 5.7000e-02 5.6900e-02 5.6800e-02 5.6700e-02 5.6400e-02 5.6200e-02
 5.6000e-02 5.5500e-02 5.5400e-02 5.5300e-02 5.5200e-02 5.5100e-02
 5.4900e-02 5.4600e-02 5.4500e-02 5.4400e-02 5.4300e-02 5.4200e-02
 5.4100e-02 5.4000e-02 5.3700e-02 5.3500e-02 5.3400e-02 5.3300e-02
 5.3100e-02 5.3000e-02 5.2800e-02 5.2700e-02 5.2600e-02 5.2400e-02
 5.2200e-02 5.2000e-02 5.1800e-02 5.1600e-02 5.1500e-02 5.1400e-02
 5.1300e-02 5.1200e-02 5.1100e-02 5.1000e-02 5.0700e-02 5.0400e-02
 5.0300e-02 5.0200e-02 5.0100e-02 5.0000e-02 4.9600e-02 4.9500e-02
 4.9400e-02 4.9200e-02 4.9100e-02 4.8900e-02 4.8800e-02 4.8700e-02
 4.8400e-02 4.7900e-02 4.7800e-02 4.7500e-02 4.7400e-02 4.7300e-02
 4.7200e-02 4.7100e-02 4.7000e-02 4.6900e-02 4.6800e-02 4.6700e-02
 4.6500e-02 4.6300e-02 4.6200e-02 4.6100e-02 4.6000e-02 4.5900e-02
 4.5800e-02 4.5700e-02 4.5600e-02 4.5500e-02 4.5400e-02 4.5300e-02
 4.5200e-02 4.5000e-02 4.4900e-02 4.4800e-02 4.4700e-02 4.4500e-02
 4.4400e-02 4.4300e-02 4.4100e-02 4.4000e-02 4.3900e-02 4.3800e-02
 4.3700e-02 4.3600e-02 4.3500e-02 4.3300e-02 4.3200e-02 4.3100e-02
 4.3000e-02 4.2900e-02 4.2800e-02 4.2700e-02 4.2600e-02 4.2400e-02
 4.2300e-02 4.2200e-02 4.2000e-02 4.1800e-02 4.1300e-02 4.1100e-02
 4.1000e-02 4.0900e-02 4.0800e-02 4.0700e-02 4.0600e-02 4.0500e-02
 4.0200e-02 4.0100e-02 4.0000e-02 3.9900e-02 3.9700e-02 3.9600e-02
 3.9400e-02 3.9300e-02 3.9200e-02 3.9100e-02 3.9000e-02 3.8900e-02
 3.8800e-02 3.8700e-02 3.8600e-02 3.8500e-02 3.8400e-02 3.8300e-02
 3.8200e-02 3.8100e-02 3.7900e-02 3.7800e-02 3.7700e-02 3.7600e-02
 3.7500e-02 3.7400e-02 3.7300e-02 3.7200e-02 3.7100e-02 3.6900e-02
 3.6700e-02 3.6600e-02 3.6500e-02 3.6400e-02 3.6300e-02 3.6200e-02
 3.6100e-02 3.6000e-02 3.5900e-02 3.5800e-02 3.5700e-02 3.5600e-02
 3.5500e-02 3.5300e-02 3.5200e-02 3.5100e-02 3.5000e-02 3.4800e-02
 3.4700e-02 3.4600e-02 3.4500e-02 3.4400e-02 3.4300e-02 3.4200e-02
 3.4100e-02 3.4000e-02 3.3900e-02 3.3800e-02 3.3700e-02 3.3600e-02
 3.3500e-02 3.3400e-02 3.3300e-02 3.3000e-02 3.2900e-02 3.2700e-02
 3.2600e-02 3.2400e-02 3.2300e-02 3.2200e-02 3.2100e-02 3.2000e-02
 3.1800e-02 3.1700e-02 3.1600e-02 3.1500e-02 3.1400e-02 3.1300e-02
 3.1200e-02 3.1100e-02 3.1000e-02 3.0900e-02 3.0800e-02 3.0700e-02
 3.0600e-02 3.0500e-02 3.0400e-02 3.0300e-02 3.0200e-02 3.0100e-02
 3.0000e-02 2.9900e-02 2.9700e-02 2.9500e-02 2.9400e-02 2.9300e-02
 2.9200e-02 2.9100e-02 2.9000e-02 2.8900e-02 2.8800e-02 2.8700e-02
 2.8600e-02 2.8500e-02 2.8400e-02 2.8300e-02 2.8200e-02 2.8100e-02
 2.8000e-02 2.7900e-02 2.7800e-02 2.7700e-02 2.7600e-02 2.7500e-02
 2.7300e-02 2.7200e-02 2.7100e-02 2.7000e-02 2.6900e-02 2.6700e-02
 2.6600e-02 2.6500e-02 2.6400e-02 2.6300e-02 2.6200e-02 2.6100e-02
 2.6000e-02 2.5900e-02 2.5800e-02 2.5700e-02 2.5600e-02 2.5400e-02
 2.5300e-02 2.5200e-02 2.5000e-02 2.4700e-02 2.4600e-02 2.4500e-02
 2.4400e-02 2.4300e-02 2.4200e-02 2.4100e-02 2.3800e-02 2.3700e-02
 2.3600e-02 2.3500e-02 2.3400e-02 2.3300e-02 2.3200e-02 2.3100e-02
 2.3000e-02 2.2800e-02 2.2700e-02 2.2600e-02 2.2500e-02 2.2400e-02
 2.2300e-02 2.2200e-02 2.2000e-02 2.1900e-02 2.1800e-02 2.1700e-02
 2.1600e-02 2.1500e-02 2.1400e-02 2.1300e-02 2.1200e-02 2.1100e-02
 2.1000e-02 2.0900e-02 2.0800e-02 2.0700e-02 2.0600e-02 2.0500e-02
 2.0400e-02 2.0300e-02 2.0200e-02 2.0100e-02 1.9900e-02 1.9800e-02
 1.9700e-02 1.9600e-02 1.9500e-02 1.9400e-02 1.9300e-02 1.9200e-02
 1.9100e-02 1.9000e-02 1.8900e-02 1.8800e-02 1.8700e-02 1.8600e-02
 1.8500e-02 1.8400e-02 1.8300e-02 1.8200e-02 1.8100e-02 1.8000e-02
 1.7900e-02 1.7800e-02 1.7700e-02 1.7600e-02 1.7400e-02 1.7300e-02
 1.7200e-02 1.7100e-02 1.7000e-02 1.6900e-02 1.6800e-02 1.6700e-02
 1.6600e-02 1.6500e-02 1.6400e-02 1.6300e-02 1.6200e-02 1.6100e-02
 1.6000e-02 1.5900e-02 1.5800e-02 1.5700e-02 1.5600e-02 1.5500e-02
 1.5400e-02 1.5300e-02 1.5200e-02 1.5100e-02 1.5000e-02 1.4900e-02
 1.4800e-02 1.4700e-02 1.4600e-02 1.4500e-02 1.4300e-02 1.4200e-02
 1.4100e-02 1.4000e-02 1.3900e-02 1.3800e-02 1.3700e-02 1.3600e-02
 1.3500e-02 1.3400e-02 1.3300e-02 1.3200e-02 1.3100e-02 1.3000e-02
 1.2900e-02 1.2800e-02 1.2700e-02 1.2600e-02 1.2500e-02 1.2400e-02
 1.2300e-02 1.2200e-02 1.2100e-02 1.2000e-02 1.1900e-02 1.1800e-02
 1.1700e-02 1.1600e-02 1.1500e-02 1.1400e-02 1.1300e-02 1.1200e-02
 1.1100e-02 1.1000e-02 1.0900e-02 1.0800e-02 1.0700e-02 1.0600e-02
 1.0500e-02 1.0400e-02 1.0300e-02 1.0200e-02 1.0100e-02 1.0000e-02
 9.9000e-03 9.8000e-03 9.7000e-03 9.6000e-03 9.5000e-03 9.4000e-03
 9.3000e-03 9.2000e-03 9.1000e-03 9.0000e-03 8.9000e-03 8.8000e-03
 8.7000e-03 8.6000e-03 8.5000e-03 8.4000e-03 8.3000e-03 8.2000e-03
 8.1000e-03 8.0000e-03 7.9000e-03 7.8000e-03 7.7000e-03 7.6000e-03
 7.5000e-03 7.4000e-03 7.3000e-03 7.2000e-03 7.1000e-03 7.0000e-03
 6.9000e-03 6.8000e-03 6.7000e-03 6.6000e-03 6.5000e-03 6.4000e-03
 6.3000e-03 6.2000e-03 6.1000e-03 6.0000e-03 5.9000e-03 5.8000e-03
 5.7000e-03 5.6000e-03 5.5000e-03 5.4000e-03 5.3000e-03 5.2000e-03
 5.1000e-03 5.0000e-03 4.9000e-03 4.8000e-03 4.7000e-03 4.6000e-03
 4.5000e-03 4.4000e-03 4.3000e-03 4.2000e-03 4.1000e-03 4.0000e-03
 3.9000e-03 3.8000e-03 3.7000e-03 3.6000e-03 3.5000e-03 3.4000e-03
 3.3000e-03 3.2000e-03 3.1000e-03 3.0000e-03 2.9000e-03 2.8000e-03
 2.7000e-03 2.6000e-03 2.5000e-03 2.4000e-03 2.3000e-03 2.2000e-03
 2.1000e-03 2.0000e-03 1.9000e-03 1.8000e-03 1.7000e-03 1.6000e-03
 1.5000e-03 1.4000e-03 1.3000e-03 1.2000e-03 1.1000e-03 0.0000e+00]"
1996_1998,2002_2004,2008_2010,0.875383778200326,[0.         0.         0.         ... 0.99978019 0.99992673 1.        ],[0.         0.00162602 0.00325203 ... 1.         1.         1.        ],[1.5685e+00 5.6850e-01 4.2390e-01 ... 4.0000e-04 3.0000e-04 1.0000e-04]
1996_1998,2005_2007,2014_2016,0.8076304510507734,"[0.00000000e+00 3.77244605e-05 7.54489211e-05 ... 9.67783311e-01
 9.84118002e-01 1.00000000e+00]",[0. 0. 0. ... 1. 1. 1.],[1.7694e+00 7.6940e-01 3.8860e-01 ... 2.0000e-04 1.0000e-04 0.0000e+00]
1999_2001,2002_2004,2005_2007,0.9097678916827853,"[0.00000000e+00 3.61846866e-05 1.08554060e-04 1.08554060e-04
 1.44738747e-04 1.44738747e-04 1.80923433e-04 1.80923433e-04
 2.89477493e-04 3.25662180e-04 7.59878419e-04 7.59878419e-04
 7.96063106e-04 7.96063106e-04 9.04617166e-04 9.04617166e-04
 9.76986539e-04 9.76986539e-04 1.04935591e-03 1.04935591e-03
 1.08554060e-03 1.08554060e-03 1.19409466e-03 1.26646403e-03
 1.26646403e-03 1.30264872e-03 1.33883341e-03 1.37501809e-03
 1.37501809e-03 1.44738747e-03 1.48357215e-03 1.55594153e-03
 1.70068027e-03 1.70068027e-03 1.80923433e-03 1.95397308e-03
 1.95397308e-03 2.06252714e-03 2.06252714e-03 2.13489651e-03
 2.17108120e-03 2.27963526e-03 2.27963526e-03 2.42437400e-03
 2.49674338e-03 2.56911275e-03 2.64148212e-03 2.71385150e-03
 2.75003618e-03 2.82240556e-03 3.07569836e-03 3.14806774e-03
 3.32899117e-03 3.36517586e-03 3.40136054e-03 3.47372992e-03
 3.50991460e-03 3.50991460e-03 3.58228398e-03 3.58228398e-03
 3.65465335e-03 3.65465335e-03 3.79939210e-03 3.79939210e-03
 3.83557678e-03 3.90794616e-03 3.98031553e-03 4.05268490e-03
 4.12505428e-03 4.19742365e-03 4.30597771e-03 4.34216240e-03
 4.48690114e-03 4.48690114e-03 4.52308583e-03 4.55927052e-03
 4.59545520e-03 4.66782458e-03 4.77637864e-03 4.81256332e-03
 4.84874801e-03 4.92111738e-03 5.13822550e-03 5.24677956e-03
 5.24677956e-03 5.31914894e-03 5.39151831e-03 5.39151831e-03
 5.46388768e-03 5.46388768e-03 5.53625706e-03 5.57244174e-03
 5.57244174e-03 5.68099580e-03 5.75336518e-03 5.78954986e-03
 6.04284267e-03 6.11521204e-03 6.15139673e-03 6.22376610e-03
 6.33232016e-03 6.40468954e-03 6.51324360e-03 6.54942828e-03
 6.62179766e-03 6.73035172e-03 6.80272109e-03 6.83890578e-03
 6.83890578e-03 6.98364452e-03 7.05601389e-03 7.12838327e-03
 7.12838327e-03 7.16456795e-03 7.20075264e-03 7.34549139e-03
 7.41786076e-03 7.52641482e-03 7.59878419e-03 7.74352294e-03
 7.81589231e-03 7.88826169e-03 7.88826169e-03 8.10536981e-03
 8.17773918e-03 8.21392387e-03 8.28629324e-03 8.28629324e-03
 8.32247793e-03 8.39484730e-03 8.43103199e-03 8.43103199e-03
 8.50340136e-03 8.61195542e-03 8.72050948e-03 8.75669417e-03
 8.97380229e-03 9.00998697e-03 9.08235635e-03 9.08235635e-03
 9.15472572e-03 9.22709509e-03 9.26327978e-03 9.33564915e-03
 9.44420321e-03 9.51657259e-03 9.62512665e-03 9.62512665e-03
 9.69749602e-03 9.73368071e-03 9.80605008e-03 1.00231582e-02
 1.01317123e-02 1.01678969e-02 1.03126357e-02 1.03488204e-02
 1.05659285e-02 1.06382979e-02 1.07106672e-02 1.08192213e-02
 1.08554060e-02 1.10001447e-02 1.10725141e-02 1.11810682e-02
 1.12172529e-02 1.12896222e-02 1.13981763e-02 1.15429150e-02
 1.17238385e-02 1.17962078e-02 1.19409466e-02 1.20495007e-02
 1.20495007e-02 1.20856853e-02 1.21218700e-02 1.21218700e-02
 1.22304241e-02 1.23027935e-02 1.23751628e-02 1.24113475e-02
 1.24475322e-02 1.25199016e-02 1.25199016e-02 1.26646403e-02
 1.27008250e-02 1.27731944e-02 1.28093791e-02 1.28817484e-02
 1.29541178e-02 1.30988566e-02 1.31350413e-02 1.32435953e-02
 1.33521494e-02 1.34245187e-02 1.34607034e-02 1.34607034e-02
 1.35330728e-02 1.35692575e-02 1.36416269e-02 1.37139962e-02
 1.37863656e-02 1.39311044e-02 1.39672890e-02 1.41120278e-02
 1.41482125e-02 1.42929512e-02 1.44015053e-02 1.44376900e-02
 1.45100593e-02 1.45824287e-02 1.46547981e-02 1.46547981e-02
 1.47633521e-02 1.47633521e-02 1.47995368e-02 1.48719062e-02
 1.49080909e-02 1.50890143e-02 1.51251990e-02 1.52337531e-02
 1.52699378e-02 1.53423071e-02 1.55232306e-02 1.55955999e-02
 1.57041540e-02 1.57403387e-02 1.57403387e-02 1.58127081e-02
 1.59212621e-02 1.59936315e-02 1.60298162e-02 1.60660009e-02
 1.61383702e-02 1.62469243e-02 1.63192937e-02 1.64278477e-02
 1.65002171e-02 1.65725865e-02 1.67535099e-02 1.68620640e-02
 1.68982487e-02 1.70068027e-02 1.70791721e-02 1.71153568e-02
 1.71153568e-02 1.72600955e-02 1.72962802e-02 1.72962802e-02
 1.74048343e-02 1.75495730e-02 1.75495730e-02 1.76581271e-02
 1.77666811e-02 1.77666811e-02 1.78390505e-02 1.78752352e-02
 1.79114199e-02 1.79114199e-02 1.80561586e-02 1.82370821e-02
 1.83094514e-02 1.83094514e-02 1.83456361e-02 1.84903749e-02
 1.85627442e-02 1.86712983e-02 1.87436677e-02 1.88884064e-02
 1.89245911e-02 1.91416992e-02 1.91778839e-02 1.92140686e-02
 1.93226227e-02 1.95035461e-02 1.95759155e-02 1.97206542e-02
 1.97568389e-02 1.97568389e-02 1.97930236e-02 1.99377623e-02
 1.99739470e-02 2.00463164e-02 2.01910551e-02 2.02272398e-02
 2.02996092e-02 2.03357939e-02 2.07700101e-02 2.08061948e-02
 2.10233029e-02 2.11318570e-02 2.12765957e-02 2.12765957e-02
 2.13489651e-02 2.14575192e-02 2.14575192e-02 2.14937039e-02
 2.18193660e-02 2.18555507e-02 2.19641048e-02 2.20364742e-02
 2.20364742e-02 2.20726589e-02 2.22173976e-02 2.22535823e-02
 2.23259517e-02 2.24706904e-02 2.25068751e-02 2.26516138e-02
 2.27963526e-02 2.29410913e-02 2.31581994e-02 2.32305688e-02
 2.33391229e-02 2.34114923e-02 2.35562310e-02 2.36286004e-02
 2.37733391e-02 2.38457085e-02 2.40266319e-02 2.40628166e-02
 2.43884788e-02 2.44246635e-02 2.46055869e-02 2.47503257e-02
 2.47865103e-02 2.49312491e-02 2.50036185e-02 2.50398032e-02
 2.51845419e-02 2.53654653e-02 2.54740194e-02 2.54740194e-02
 2.55463888e-02 2.55825735e-02 2.56911275e-02 2.58358663e-02
 2.58720509e-02 2.60167897e-02 2.62338978e-02 2.63062672e-02
 2.64148212e-02 2.65595600e-02 2.66681141e-02 2.68128528e-02
 2.68490375e-02 2.69937762e-02 2.70299609e-02 2.70661456e-02
 2.72108844e-02 2.73556231e-02 2.73918078e-02 2.76089159e-02
 2.76812853e-02 2.78260240e-02 2.79345781e-02 2.80069475e-02
 2.81155015e-02 2.81878709e-02 2.82602403e-02 2.82964250e-02
 2.83687943e-02 2.84049790e-02 2.85135331e-02 2.85497178e-02
 2.86582718e-02 2.87306412e-02 2.88030106e-02 2.88753799e-02
 2.90563034e-02 2.92010421e-02 2.92734115e-02 2.94905196e-02
 2.95628890e-02 2.95990737e-02 2.96714430e-02 2.97438124e-02
 2.98161818e-02 3.00332899e-02 3.02142133e-02 3.03589521e-02
 3.04675062e-02 3.06122449e-02 3.06846143e-02 3.07569836e-02
 3.08655377e-02 3.09740918e-02 3.10102765e-02 3.11188305e-02
 3.14083080e-02 3.14444927e-02 3.15168621e-02 3.17701549e-02
 3.18425242e-02 3.22767405e-02 3.24576639e-02 3.25300333e-02
 3.26385873e-02 3.27833261e-02 3.28918802e-02 3.31089883e-02
 3.32537270e-02 3.34708351e-02 3.35432045e-02 3.37241279e-02
 3.37603126e-02 3.39050514e-02 3.40859748e-02 3.41945289e-02
 3.42307136e-02 3.43030829e-02 3.45201911e-02 3.47372992e-02
 3.48458532e-02 3.50267767e-02 3.51715154e-02 3.56057317e-02
 3.57866551e-02 3.58952091e-02 3.60761326e-02 3.61846866e-02
 3.62570560e-02 3.65103488e-02 3.65827182e-02 3.66912723e-02
 3.69083804e-02 3.70169344e-02 3.73064119e-02 3.74149660e-02
 3.75958894e-02 3.77406282e-02 3.77768129e-02 3.80662903e-02
 3.81386597e-02 3.82833985e-02 3.84643219e-02 3.86090606e-02
 3.87537994e-02 3.89709075e-02 3.90794616e-02 3.92242003e-02
 3.93327544e-02 3.94774931e-02 3.96946012e-02 4.05630337e-02
 4.06715878e-02 4.08525112e-02 4.10696193e-02 4.15762050e-02
 4.17933131e-02 4.19742365e-02 4.24446374e-02 4.27341149e-02
 4.28426690e-02 4.30959618e-02 4.31321465e-02 4.32407005e-02
 4.36025474e-02 4.38558402e-02 4.42176871e-02 4.44347952e-02
 4.47966421e-02 4.50137502e-02 4.51584889e-02 4.53755970e-02
 4.54841511e-02 4.56288899e-02 4.59183673e-02 4.61716602e-02
 4.63525836e-02 4.67867998e-02 4.70762773e-02 4.71124620e-02
 4.76914170e-02 4.79808945e-02 4.80894485e-02 4.83065567e-02
 4.84874801e-02 4.88131423e-02 4.89216963e-02 4.89940657e-02
 4.92111738e-02 4.94644666e-02 4.96092054e-02 4.98263135e-02
 5.01519757e-02 5.05138226e-02 5.08394847e-02 5.10927775e-02
 5.12737010e-02 5.14908091e-02 5.18526560e-02 5.20335794e-02
 5.20697641e-02 5.22868722e-02 5.23954263e-02 5.26487191e-02
 5.28296425e-02 5.30467506e-02 5.31914894e-02 5.34809669e-02
 5.38789984e-02 5.41684759e-02 5.43855840e-02 5.46026921e-02
 5.47474309e-02 5.50007237e-02 5.51454624e-02 5.53263859e-02
 5.57967868e-02 5.61224490e-02 5.65204805e-02 5.68099580e-02
 5.68823274e-02 5.73165436e-02 5.76422058e-02 5.78231293e-02
 5.80402374e-02 5.83297149e-02 5.84744536e-02 5.86915617e-02
 5.90172239e-02 5.92343320e-02 5.95238095e-02 5.97409176e-02
 6.01389492e-02 6.03560573e-02 6.08264582e-02 6.11159357e-02
 6.13330439e-02 6.21291070e-02 6.25271385e-02 6.30699088e-02
 6.35041251e-02 6.37574179e-02 6.40468954e-02 6.52771747e-02
 6.60370531e-02 6.64712694e-02 6.68693009e-02 6.73758865e-02
 6.78101028e-02 6.81357649e-02 6.85699812e-02 6.90765668e-02
 6.94384137e-02 6.99449993e-02 7.00173686e-02 7.01621074e-02
 7.07048777e-02 7.11752786e-02 7.15371255e-02 7.18989724e-02
 7.21884498e-02 7.26226661e-02 7.30930670e-02 7.39614995e-02
 7.43233464e-02 7.46490085e-02 7.53003329e-02 7.56983645e-02
 7.60602113e-02 7.66753510e-02 7.68562744e-02 7.73628600e-02
 7.79779997e-02 7.82674772e-02 7.92806484e-02 8.00043422e-02
 8.04747431e-02 8.11984368e-02 8.17050224e-02 8.21392387e-02
 8.25010855e-02 8.30438558e-02 8.34057027e-02 8.40208424e-02
 8.47807208e-02 8.53234911e-02 8.56491533e-02 8.61919236e-02
 8.68070633e-02 8.74222029e-02 8.80011579e-02 8.86162976e-02
 8.91952526e-02 8.97380229e-02 9.04255319e-02 9.10044869e-02
 9.16558113e-02 9.24880591e-02 9.35374150e-02 9.44420321e-02
 9.53104646e-02 9.62874512e-02 9.79519467e-02 9.96888117e-02
 1.00484875e-01 1.01244753e-01 1.02113186e-01 1.03234911e-01
 1.04175713e-01 1.05405992e-01 1.06346794e-01 1.07251411e-01
 1.08119844e-01 1.09386308e-01 1.10906065e-01 1.12244898e-01
 1.13475177e-01 1.14633087e-01 1.15790997e-01 1.16695614e-01
 1.20603561e-01 1.21978579e-01 1.23353597e-01 1.24656245e-01
 1.25958894e-01 1.27659574e-01 1.29360255e-01 1.30518165e-01
 1.32074106e-01 1.33955710e-01 1.35620206e-01 1.37393255e-01
 1.38840643e-01 1.40830800e-01 1.42748589e-01 1.45209147e-01
 1.46946012e-01 1.48574323e-01 1.51324360e-01 1.54110580e-01
 1.56932986e-01 1.59465914e-01 1.62722536e-01 1.66196266e-01
 1.69489072e-01 1.72890433e-01 1.76581271e-01 1.81068172e-01
 1.85410334e-01 1.89318281e-01 1.94709799e-01 1.99739470e-01
 2.05492835e-01 2.10848169e-01 2.16963381e-01 2.24634535e-01
 2.32269504e-01 2.40809090e-01 2.50289477e-01 2.61361992e-01
 2.74243740e-01 2.87885367e-01 3.02359242e-01 3.17592995e-01
 3.34346505e-01 3.53922420e-01 3.74945723e-01 3.98103922e-01
 4.23577942e-01 4.51078304e-01 4.82631350e-01 5.18852222e-01
 5.57750760e-01 5.99037487e-01 6.44992039e-01 6.91995947e-01
 7.42545955e-01 7.92770300e-01 8.29751049e-01 8.59711970e-01
 8.82616877e-01 9.01034882e-01 9.15834419e-01 9.27304965e-01
 9.38341294e-01 9.47134173e-01 9.54045448e-01 9.58966565e-01
 9.62946881e-01 9.67071935e-01 9.70690404e-01 9.74417427e-01
 9.77348386e-01 9.80206976e-01 9.82160949e-01 9.83970184e-01
 9.86141265e-01 9.87805761e-01 9.89542626e-01 9.91098567e-01
 9.92292662e-01 9.93414387e-01 9.94427558e-01 9.95368360e-01
 9.96092054e-01 9.96707194e-01 9.97141410e-01 9.97430887e-01
 9.97684180e-01 9.97865103e-01 9.98154581e-01 9.98371689e-01
 9.98516428e-01 9.98805905e-01 9.98986829e-01 9.99276306e-01
 9.99457230e-01 9.99746707e-01 9.99963815e-01 1.00000000e+00]","[0.         0.         0.         0.00363636 0.00363636 0.00727273
 0.00727273 0.01090909 0.01090909 0.01454545 0.01454545 0.02181818
 0.02181818 0.02545455 0.02545455 0.02909091 0.02909091 0.04
 0.04       0.04363636 0.04363636 0.04727273 0.04727273 0.04727273
 0.05454545 0.05454545 0.05818182 0.05818182 0.06181818 0.06181818
 0.06545455 0.06545455 0.06545455 0.06909091 0.06909091 0.06909091
 0.07272727 0.07272727 0.08       0.08       0.08363636 0.08363636
 0.08727273 0.08727273 0.08727273 0.08727273 0.09090909 0.09090909
 0.09090909 0.09090909 0.09090909 0.09090909 0.09090909 0.09454545
 0.09454545 0.09454545 0.09818182 0.10181818 0.10181818 0.10545455
 0.10545455 0.11272727 0.11272727 0.12       0.12       0.12363636
 0.12363636 0.12363636 0.12363636 0.12363636 0.12363636 0.12727273
 0.12727273 0.13090909 0.13090909 0.13454545 0.13454545 0.13454545
 0.13454545 0.13818182 0.13818182 0.13818182 0.13818182 0.13818182
 0.14181818 0.14181818 0.14181818 0.14545455 0.14545455 0.14909091
 0.14909091 0.14909091 0.15272727 0.15272727 0.15272727 0.15636364
 0.15636364 0.15636364 0.15636364 0.15636364 0.15636364 0.16
 0.16       0.16       0.16       0.16       0.16       0.16
 0.16727273 0.16727273 0.16727273 0.16727273 0.17090909 0.17090909
 0.17454545 0.17454545 0.17454545 0.17454545 0.17454545 0.17454545
 0.17454545 0.17454545 0.17818182 0.17818182 0.17818182 0.17818182
 0.17818182 0.18181818 0.18181818 0.18181818 0.18545455 0.18909091
 0.18909091 0.18909091 0.18909091 0.19272727 0.19272727 0.19272727
 0.19272727 0.19636364 0.19636364 0.19636364 0.19636364 0.20363636
 0.20363636 0.20363636 0.20363636 0.20727273 0.20727273 0.20727273
 0.21090909 0.21090909 0.21090909 0.21454545 0.21454545 0.21454545
 0.21454545 0.21454545 0.21454545 0.21454545 0.21454545 0.21454545
 0.21454545 0.21818182 0.21818182 0.21818182 0.21818182 0.21818182
 0.21818182 0.21818182 0.21818182 0.21818182 0.22181818 0.22181818
 0.22545455 0.22909091 0.23636364 0.23636364 0.23636364 0.24
 0.24       0.24       0.24363636 0.24727273 0.24727273 0.25090909
 0.25090909 0.25090909 0.25090909 0.25090909 0.25090909 0.25090909
 0.25454545 0.25454545 0.25454545 0.25818182 0.25818182 0.26181818
 0.26181818 0.26181818 0.26545455 0.26545455 0.26545455 0.26545455
 0.26545455 0.26545455 0.26545455 0.26545455 0.26545455 0.26545455
 0.26545455 0.26909091 0.26909091 0.27272727 0.27272727 0.27272727
 0.27272727 0.27272727 0.27272727 0.27272727 0.27272727 0.27272727
 0.27272727 0.27272727 0.27272727 0.27272727 0.27636364 0.27636364
 0.27636364 0.27636364 0.27636364 0.28       0.28       0.28
 0.28       0.28       0.28       0.28       0.28       0.28
 0.28       0.28       0.28       0.28       0.28363636 0.28363636
 0.28727273 0.29090909 0.29454545 0.29454545 0.29818182 0.29818182
 0.29818182 0.30181818 0.30181818 0.31272727 0.31272727 0.31636364
 0.31636364 0.32       0.32363636 0.32727273 0.32727273 0.32727273
 0.32727273 0.33090909 0.33090909 0.33090909 0.33090909 0.33090909
 0.33090909 0.33454545 0.33818182 0.33818182 0.33818182 0.33818182
 0.33818182 0.34181818 0.34181818 0.34181818 0.34181818 0.34181818
 0.34181818 0.34181818 0.34181818 0.34909091 0.34909091 0.34909091
 0.34909091 0.35636364 0.35636364 0.36       0.36       0.36363636
 0.36727273 0.36727273 0.36727273 0.36727273 0.36727273 0.36727273
 0.37090909 0.37454545 0.37454545 0.37454545 0.37454545 0.37454545
 0.37454545 0.38181818 0.38181818 0.38181818 0.38181818 0.38181818
 0.38545455 0.38909091 0.38909091 0.39272727 0.39272727 0.39272727
 0.39272727 0.39272727 0.39272727 0.39272727 0.39636364 0.39636364
 0.39636364 0.39636364 0.4        0.4        0.4        0.4
 0.4        0.40363636 0.40727273 0.40727273 0.41090909 0.41090909
 0.41090909 0.41090909 0.41090909 0.41090909 0.41454545 0.41454545
 0.41454545 0.41454545 0.41454545 0.41454545 0.41818182 0.41818182
 0.41818182 0.41818182 0.41818182 0.42181818 0.42181818 0.42181818
 0.42181818 0.42181818 0.42181818 0.42545455 0.42545455 0.42545455
 0.42545455 0.42545455 0.42909091 0.42909091 0.42909091 0.42909091
 0.42909091 0.42909091 0.43636364 0.43636364 0.43636364 0.43636364
 0.44       0.44       0.44       0.44363636 0.44363636 0.44363636
 0.44727273 0.44727273 0.44727273 0.45454545 0.45454545 0.45818182
 0.45818182 0.46181818 0.46545455 0.46909091 0.46909091 0.46909091
 0.46909091 0.46909091 0.46909091 0.46909091 0.46909091 0.46909091
 0.47272727 0.47272727 0.47636364 0.47636364 0.47636364 0.47636364
 0.47636364 0.48       0.48       0.48363636 0.48363636 0.48727273
 0.48727273 0.49090909 0.49090909 0.49090909 0.49454545 0.49454545
 0.49454545 0.49454545 0.49454545 0.49454545 0.49454545 0.49454545
 0.49454545 0.49454545 0.49454545 0.49454545 0.49818182 0.49818182
 0.49818182 0.50181818 0.50181818 0.50181818 0.50181818 0.50181818
 0.50181818 0.50545455 0.50545455 0.50909091 0.50909091 0.51272727
 0.51272727 0.51272727 0.51636364 0.51636364 0.51636364 0.51636364
 0.52363636 0.52363636 0.52363636 0.53090909 0.53090909 0.53454545
 0.53454545 0.53818182 0.53818182 0.53818182 0.53818182 0.53818182
 0.54545455 0.54545455 0.54545455 0.55272727 0.55636364 0.55636364
 0.56       0.56       0.56       0.56       0.56       0.56
 0.56       0.56       0.56       0.56       0.56       0.56363636
 0.56363636 0.56363636 0.56363636 0.56363636 0.56363636 0.56363636
 0.56727273 0.56727273 0.56727273 0.56727273 0.56727273 0.56727273
 0.56727273 0.56727273 0.56727273 0.57090909 0.57090909 0.57090909
 0.57454545 0.57454545 0.57818182 0.58181818 0.58545455 0.58545455
 0.58545455 0.58545455 0.58909091 0.59272727 0.59272727 0.6
 0.6        0.6        0.60363636 0.60727273 0.60727273 0.60727273
 0.61090909 0.61090909 0.61090909 0.61090909 0.61090909 0.61818182
 0.61818182 0.61818182 0.62181818 0.62181818 0.62181818 0.62545455
 0.63272727 0.63272727 0.63272727 0.64363636 0.64727273 0.65818182
 0.66545455 0.66545455 0.66909091 0.66909091 0.67272727 0.67272727
 0.67272727 0.67272727 0.67272727 0.67272727 0.67272727 0.67272727
 0.67272727 0.67272727 0.67272727 0.67272727 0.67636364 0.68
 0.68       0.68       0.68       0.68       0.68       0.68363636
 0.68727273 0.68727273 0.69090909 0.69090909 0.69454545 0.69454545
 0.69454545 0.69818182 0.69818182 0.70181818 0.70545455 0.70545455
 0.70909091 0.70909091 0.70909091 0.70909091 0.70909091 0.71636364
 0.71636364 0.71636364 0.72       0.73090909 0.73090909 0.73090909
 0.73090909 0.73454545 0.73454545 0.74545455 0.74909091 0.74909091
 0.75272727 0.75272727 0.75636364 0.75636364 0.75636364 0.75636364
 0.75636364 0.75636364 0.76       0.76       0.76363636 0.76727273
 0.76727273 0.76727273 0.76727273 0.77090909 0.77090909 0.77454545
 0.77818182 0.78181818 0.78545455 0.78545455 0.78545455 0.79272727
 0.79272727 0.79636364 0.79636364 0.79636364 0.8        0.8
 0.8        0.8        0.80727273 0.80727273 0.81454545 0.81818182
 0.81818182 0.82181818 0.82909091 0.83636364 0.83636364 0.83636364
 0.84       0.84       0.84363636 0.84363636 0.84727273 0.85090909
 0.85090909 0.86181818 0.86909091 0.86909091 0.87272727 0.87272727
 0.87636364 0.87636364 0.88       0.88363636 0.88727273 0.89090909
 0.89454545 0.89818182 0.89818182 0.89818182 0.89818182 0.90545455
 0.91272727 0.91272727 0.91272727 0.91272727 0.91636364 0.92
 0.93090909 0.93090909 0.93818182 0.94545455 0.94545455 0.94545455
 0.95272727 0.95636364 0.96       0.96       0.96363636 0.96727273
 0.97818182 0.98181818 0.98545455 0.98909091 0.98909091 0.99272727
 0.99272727 0.99272727 0.99272727 0.99636364 1.         1.
 1.         1.         1.         1.         1.         1.
 1.         1.         1.         1.         1.         1.
 1.         1.         1.         1.         1.         1.
 1.         1.         1.         1.         1.         1.
 1.         1.         1.         1.         1.         1.
 1.         1.         1.         1.        ]","[1.1882e+00 1.8820e-01 1.7810e-01 1.7360e-01 1.6770e-01 1.6680e-01
 1.6460e-01 1.6430e-01 1.6020e-01 1.6000e-01 1.4300e-01 1.3970e-01
 1.3930e-01 1.3880e-01 1.3660e-01 1.3610e-01 1.3500e-01 1.3230e-01
 1.3150e-01 1.3090e-01 1.2920e-01 1.2840e-01 1.2680e-01 1.2620e-01
 1.2610e-01 1.2520e-01 1.2510e-01 1.2490e-01 1.2470e-01 1.2390e-01
 1.2380e-01 1.2330e-01 1.2300e-01 1.2290e-01 1.2030e-01 1.1940e-01
 1.1860e-01 1.1740e-01 1.1710e-01 1.1650e-01 1.1630e-01 1.1610e-01
 1.1470e-01 1.1320e-01 1.1210e-01 1.1110e-01 1.1100e-01 1.1060e-01
 1.1040e-01 1.1010e-01 1.0760e-01 1.0750e-01 1.0610e-01 1.0600e-01
 1.0500e-01 1.0490e-01 1.0480e-01 1.0410e-01 1.0350e-01 1.0310e-01
 1.0290e-01 1.0240e-01 1.0190e-01 1.0110e-01 1.0100e-01 1.0070e-01
 1.0040e-01 9.9900e-02 9.9600e-02 9.9500e-02 9.8600e-02 9.8500e-02
 9.7500e-02 9.7300e-02 9.7200e-02 9.7000e-02 9.6700e-02 9.6600e-02
 9.5500e-02 9.5400e-02 9.5200e-02 9.4900e-02 9.2800e-02 9.2700e-02
 9.2600e-02 9.2400e-02 9.1400e-02 9.1300e-02 9.0900e-02 9.0600e-02
 9.0300e-02 9.0000e-02 8.9900e-02 8.9400e-02 8.8700e-02 8.8600e-02
 8.7600e-02 8.7500e-02 8.7400e-02 8.7300e-02 8.6900e-02 8.6800e-02
 8.6600e-02 8.6200e-02 8.6000e-02 8.5200e-02 8.5100e-02 8.4900e-02
 8.4700e-02 8.4600e-02 8.4300e-02 8.3700e-02 8.3600e-02 8.3400e-02
 8.3100e-02 8.2500e-02 8.2400e-02 8.1900e-02 8.1700e-02 8.0800e-02
 8.0300e-02 7.9800e-02 7.9700e-02 7.8500e-02 7.8300e-02 7.8200e-02
 7.8100e-02 7.8000e-02 7.7900e-02 7.7600e-02 7.7300e-02 7.7100e-02
 7.6800e-02 7.6700e-02 7.6300e-02 7.6100e-02 7.5800e-02 7.5200e-02
 7.5100e-02 7.5000e-02 7.4500e-02 7.4400e-02 7.4200e-02 7.3900e-02
 7.3200e-02 7.3100e-02 7.2700e-02 7.2600e-02 7.2400e-02 7.2300e-02
 7.2000e-02 7.1400e-02 7.1100e-02 7.1000e-02 7.0900e-02 7.0800e-02
 7.0100e-02 6.9900e-02 6.9700e-02 6.9600e-02 6.9500e-02 6.9300e-02
 6.9000e-02 6.8800e-02 6.8700e-02 6.8600e-02 6.7900e-02 6.7700e-02
 6.7600e-02 6.7500e-02 6.7200e-02 6.6900e-02 6.6800e-02 6.6700e-02
 6.6600e-02 6.6100e-02 6.5900e-02 6.5600e-02 6.5500e-02 6.5400e-02
 6.5300e-02 6.5200e-02 6.5000e-02 6.4900e-02 6.4800e-02 6.4700e-02
 6.4600e-02 6.4500e-02 6.4300e-02 6.4100e-02 6.4000e-02 6.3900e-02
 6.3800e-02 6.3700e-02 6.3600e-02 6.3500e-02 6.3300e-02 6.3200e-02
 6.3000e-02 6.2800e-02 6.2700e-02 6.2600e-02 6.2500e-02 6.2300e-02
 6.2200e-02 6.2000e-02 6.1900e-02 6.1800e-02 6.1500e-02 6.1200e-02
 6.1100e-02 6.1000e-02 6.0900e-02 6.0800e-02 6.0700e-02 6.0600e-02
 6.0500e-02 6.0400e-02 6.0300e-02 6.0200e-02 6.0000e-02 5.9800e-02
 5.8900e-02 5.8800e-02 5.8700e-02 5.8600e-02 5.8500e-02 5.8400e-02
 5.8300e-02 5.8000e-02 5.7800e-02 5.7600e-02 5.7500e-02 5.7400e-02
 5.7300e-02 5.7200e-02 5.7000e-02 5.6900e-02 5.6300e-02 5.6200e-02
 5.6000e-02 5.5900e-02 5.5800e-02 5.5700e-02 5.5600e-02 5.5500e-02
 5.5400e-02 5.5100e-02 5.5000e-02 5.4900e-02 5.4800e-02 5.4400e-02
 5.4300e-02 5.4200e-02 5.4100e-02 5.4000e-02 5.3900e-02 5.3800e-02
 5.3600e-02 5.3500e-02 5.3400e-02 5.3300e-02 5.3200e-02 5.3100e-02
 5.3000e-02 5.2900e-02 5.2600e-02 5.2500e-02 5.2400e-02 5.2200e-02
 5.2100e-02 5.1900e-02 5.1800e-02 5.1100e-02 5.1000e-02 5.0900e-02
 5.0800e-02 5.0700e-02 5.0600e-02 5.0500e-02 5.0400e-02 5.0300e-02
 5.0200e-02 5.0100e-02 5.0000e-02 4.9900e-02 4.9400e-02 4.9300e-02
 4.9000e-02 4.8900e-02 4.8800e-02 4.8600e-02 4.8500e-02 4.8300e-02
 4.8200e-02 4.8100e-02 4.7700e-02 4.7600e-02 4.7500e-02 4.7300e-02
 4.7200e-02 4.7100e-02 4.6800e-02 4.6700e-02 4.6600e-02 4.6500e-02
 4.6400e-02 4.6300e-02 4.6200e-02 4.5900e-02 4.5700e-02 4.5600e-02
 4.5500e-02 4.5300e-02 4.5000e-02 4.4900e-02 4.4800e-02 4.4600e-02
 4.4400e-02 4.4200e-02 4.3900e-02 4.3800e-02 4.3700e-02 4.3600e-02
 4.3500e-02 4.3400e-02 4.3300e-02 4.3200e-02 4.3100e-02 4.3000e-02
 4.2900e-02 4.2800e-02 4.2700e-02 4.2500e-02 4.2400e-02 4.2200e-02
 4.2100e-02 4.1900e-02 4.1700e-02 4.1600e-02 4.1400e-02 4.1300e-02
 4.1200e-02 4.1100e-02 4.1000e-02 4.0700e-02 4.0600e-02 4.0500e-02
 4.0400e-02 4.0200e-02 4.0100e-02 4.0000e-02 3.9900e-02 3.9800e-02
 3.9700e-02 3.9600e-02 3.9500e-02 3.9400e-02 3.9300e-02 3.9200e-02
 3.9100e-02 3.8900e-02 3.8800e-02 3.8700e-02 3.8600e-02 3.8400e-02
 3.8200e-02 3.8100e-02 3.8000e-02 3.7900e-02 3.7800e-02 3.7600e-02
 3.7500e-02 3.7400e-02 3.7300e-02 3.7200e-02 3.7100e-02 3.6900e-02
 3.6800e-02 3.6700e-02 3.6600e-02 3.6500e-02 3.6400e-02 3.6300e-02
 3.6200e-02 3.6100e-02 3.6000e-02 3.5900e-02 3.5700e-02 3.5600e-02
 3.5500e-02 3.5400e-02 3.5300e-02 3.4900e-02 3.4800e-02 3.4600e-02
 3.4500e-02 3.4300e-02 3.4200e-02 3.4100e-02 3.4000e-02 3.3900e-02
 3.3800e-02 3.3700e-02 3.3600e-02 3.3500e-02 3.3400e-02 3.3300e-02
 3.3200e-02 3.3100e-02 3.3000e-02 3.2800e-02 3.2700e-02 3.2600e-02
 3.2500e-02 3.2300e-02 3.2200e-02 3.2100e-02 3.2000e-02 3.1900e-02
 3.1800e-02 3.1700e-02 3.1600e-02 3.1500e-02 3.1400e-02 3.1300e-02
 3.1200e-02 3.1100e-02 3.1000e-02 3.0900e-02 3.0800e-02 3.0700e-02
 3.0600e-02 3.0500e-02 3.0400e-02 3.0300e-02 3.0200e-02 3.0100e-02
 3.0000e-02 2.9900e-02 2.9800e-02 2.9700e-02 2.9600e-02 2.9000e-02
 2.8900e-02 2.8800e-02 2.8700e-02 2.8500e-02 2.8400e-02 2.8300e-02
 2.8200e-02 2.8100e-02 2.8000e-02 2.7900e-02 2.7800e-02 2.7700e-02
 2.7500e-02 2.7400e-02 2.7200e-02 2.7100e-02 2.7000e-02 2.6900e-02
 2.6800e-02 2.6700e-02 2.6600e-02 2.6500e-02 2.6400e-02 2.6300e-02
 2.6200e-02 2.6000e-02 2.5900e-02 2.5800e-02 2.5600e-02 2.5500e-02
 2.5400e-02 2.5300e-02 2.5200e-02 2.5100e-02 2.5000e-02 2.4900e-02
 2.4800e-02 2.4700e-02 2.4600e-02 2.4500e-02 2.4400e-02 2.4300e-02
 2.4200e-02 2.4100e-02 2.4000e-02 2.3900e-02 2.3800e-02 2.3700e-02
 2.3600e-02 2.3500e-02 2.3400e-02 2.3300e-02 2.3200e-02 2.3100e-02
 2.3000e-02 2.2900e-02 2.2800e-02 2.2700e-02 2.2600e-02 2.2500e-02
 2.2400e-02 2.2300e-02 2.2200e-02 2.2100e-02 2.2000e-02 2.1900e-02
 2.1800e-02 2.1700e-02 2.1600e-02 2.1500e-02 2.1400e-02 2.1300e-02
 2.1200e-02 2.1100e-02 2.1000e-02 2.0900e-02 2.0800e-02 2.0700e-02
 2.0500e-02 2.0400e-02 2.0300e-02 2.0200e-02 2.0100e-02 2.0000e-02
 1.9900e-02 1.9700e-02 1.9600e-02 1.9500e-02 1.9400e-02 1.9300e-02
 1.9200e-02 1.9000e-02 1.8900e-02 1.8800e-02 1.8700e-02 1.8600e-02
 1.8500e-02 1.8400e-02 1.8300e-02 1.8200e-02 1.8100e-02 1.8000e-02
 1.7900e-02 1.7800e-02 1.7700e-02 1.7600e-02 1.7500e-02 1.7400e-02
 1.7300e-02 1.7200e-02 1.7100e-02 1.6900e-02 1.6800e-02 1.6700e-02
 1.6600e-02 1.6500e-02 1.6400e-02 1.6300e-02 1.6200e-02 1.6100e-02
 1.6000e-02 1.5900e-02 1.5700e-02 1.5600e-02 1.5500e-02 1.5400e-02
 1.5300e-02 1.5200e-02 1.5100e-02 1.5000e-02 1.4900e-02 1.4800e-02
 1.4700e-02 1.4600e-02 1.4500e-02 1.4400e-02 1.4300e-02 1.4200e-02
 1.4100e-02 1.4000e-02 1.3900e-02 1.3800e-02 1.3700e-02 1.3600e-02
 1.3500e-02 1.3400e-02 1.3300e-02 1.3200e-02 1.3100e-02 1.3000e-02
 1.2800e-02 1.2600e-02 1.2500e-02 1.2400e-02 1.2300e-02 1.2200e-02
 1.2100e-02 1.2000e-02 1.1900e-02 1.1800e-02 1.1700e-02 1.1600e-02
 1.1500e-02 1.1400e-02 1.1300e-02 1.1200e-02 1.1100e-02 1.1000e-02
 1.0700e-02 1.0600e-02 1.0500e-02 1.0400e-02 1.0300e-02 1.0200e-02
 1.0100e-02 1.0000e-02 9.9000e-03 9.8000e-03 9.7000e-03 9.6000e-03
 9.5000e-03 9.4000e-03 9.3000e-03 9.2000e-03 9.1000e-03 9.0000e-03
 8.9000e-03 8.8000e-03 8.7000e-03 8.6000e-03 8.5000e-03 8.4000e-03
 8.3000e-03 8.2000e-03 8.1000e-03 8.0000e-03 7.9000e-03 7.8000e-03
 7.7000e-03 7.6000e-03 7.5000e-03 7.4000e-03 7.3000e-03 7.2000e-03
 7.1000e-03 7.0000e-03 6.9000e-03 6.8000e-03 6.7000e-03 6.6000e-03
 6.5000e-03 6.4000e-03 6.3000e-03 6.2000e-03 6.1000e-03 6.0000e-03
 5.9000e-03 5.8000e-03 5.7000e-03 5.6000e-03 5.5000e-03 5.4000e-03
 5.3000e-03 5.2000e-03 5.1000e-03 5.0000e-03 4.9000e-03 4.8000e-03
 4.7000e-03 4.6000e-03 4.5000e-03 4.4000e-03 4.3000e-03 4.2000e-03
 4.1000e-03 4.0000e-03 3.9000e-03 3.8000e-03 3.7000e-03 3.6000e-03
 3.5000e-03 3.4000e-03 3.3000e-03 3.2000e-03 3.1000e-03 3.0000e-03
 2.9000e-03 2.8000e-03 2.7000e-03 2.6000e-03 2.5000e-03 2.4000e-03
 2.3000e-03 2.2000e-03 2.1000e-03 2.0000e-03 1.9000e-03 1.8000e-03
 1.6000e-03 1.5000e-03 1.4000e-03 1.3000e-03 1.2000e-03 1.1000e-03
 1.0000e-03 8.0000e-04 7.0000e-04 6.0000e-04]"
1999_2001,2005_2007,2011_2013,0.8600072572685984,"[0.00000000e+00 3.71360665e-05 7.42721331e-05 ... 9.99554367e-01
 9.99851456e-01 1.00000000e+00]",[0. 0. 0. ... 1. 1. 1.],[1.4252e+00 4.2520e-01 4.0950e-01 ... 4.0000e-04 3.0000e-04 2.0000e-04]
1999_2001,2008_2010,2017_2019,0.8121084456607219,"[0.00000000e+00 3.85876905e-05 1.54350762e-04 ... 9.93710206e-01
 9.98726606e-01 1.00000000e+00]",[0. 0. 0. ... 1. 1. 1.],[1.493e+00 4.930e-01 4.606e-01 ... 2.000e-04 1.000e-04 0.000e+00]
2002_2004,2005_2007,2008_2010,0.8608819542617749,"[0.00000000e+00 3.66354045e-05 3.66354045e-05 ... 9.93625440e-01
 9.95640387e-01 1.00000000e+00]",[0.         0.         0.00294118 ... 1.         1.         1.        ],[1.3668e+00 3.6680e-01 3.3250e-01 ... 2.0000e-04 1.0000e-04 0.0000e+00]
2002_2004,2008_2010,2014_2016,0.8556567110474838,"[0.00000000e+00 3.77244605e-05 1.13173382e-04 ... 9.99811378e-01
 9.99886827e-01 1.00000000e+00]",[0. 0. 0. ... 1. 1. 1.],[1.6245e+00 6.2450e-01 5.5490e-01 ... 2.0000e-04 1.0000e-04 0.0000e+00]
2005_2007,2008_2010,2011_2013,0.8525741046171432,"[0.00000000e+00 3.71360665e-05 1.48544266e-04 1.48544266e-04
 7.05585264e-04 7.79857398e-04 1.29976233e-03 1.29976233e-03
 1.44830660e-03 1.52257873e-03 1.52257873e-03 1.59685086e-03
 1.59685086e-03 1.67112299e-03 1.74539513e-03 2.15389186e-03
 2.15389186e-03 2.26530006e-03 2.30243613e-03 2.63666072e-03
 2.71093286e-03 2.71093286e-03 2.85947712e-03 3.00802139e-03
 3.19370172e-03 3.30510992e-03 3.37938206e-03 3.52792632e-03
 3.52792632e-03 3.56506239e-03 3.56506239e-03 3.89928699e-03
 3.97355912e-03 4.08496732e-03 4.15923945e-03 4.27064765e-03
 4.34491979e-03 4.49346405e-03 4.49346405e-03 4.67914439e-03
 4.67914439e-03 4.71628045e-03 4.75341652e-03 5.01336898e-03
 5.08764112e-03 5.16191325e-03 5.23618538e-03 5.23618538e-03
 5.27332145e-03 5.42186572e-03 5.45900178e-03 5.45900178e-03
 5.49613785e-03 5.64468212e-03 5.71895425e-03 5.75609031e-03
 5.75609031e-03 5.83036245e-03 5.90463458e-03 5.94177065e-03
 5.97890671e-03 6.05317885e-03 6.09031491e-03 6.09031491e-03
 6.16458705e-03 6.23885918e-03 6.42453951e-03 6.49881165e-03
 6.49881165e-03 6.57308378e-03 6.64735591e-03 6.75876411e-03
 6.83303624e-03 6.98158051e-03 6.98158051e-03 7.05585264e-03
 7.24153298e-03 7.31580511e-03 7.53862151e-03 7.61289364e-03
 7.79857398e-03 7.87284611e-03 7.90998217e-03 7.98425431e-03
 8.09566251e-03 8.09566251e-03 8.13279857e-03 8.24420677e-03
 8.35561497e-03 8.42988711e-03 8.42988711e-03 8.54129531e-03
 8.54129531e-03 8.57843137e-03 8.65270351e-03 8.72697564e-03
 8.80124777e-03 8.83838384e-03 8.94979204e-03 8.98692810e-03
 9.09833630e-03 9.13547237e-03 9.13547237e-03 9.17260844e-03
 9.24688057e-03 9.32115270e-03 9.39542484e-03 9.46969697e-03
 9.54396910e-03 9.72964944e-03 9.76678550e-03 9.87819370e-03
 9.87819370e-03 9.95246583e-03 9.98960190e-03 1.01381462e-02
 1.02124183e-02 1.02866904e-02 1.03238265e-02 1.03609626e-02
 1.03980986e-02 1.04352347e-02 1.04352347e-02 1.04723708e-02
 1.06209150e-02 1.06580511e-02 1.07323232e-02 1.07694593e-02
 1.07694593e-02 1.08808675e-02 1.08808675e-02 1.09551396e-02
 1.10294118e-02 1.11036839e-02 1.11408200e-02 1.12522282e-02
 1.12893642e-02 1.14007724e-02 1.14379085e-02 1.16607249e-02
 1.16978610e-02 1.18092692e-02 1.18835413e-02 1.19206774e-02
 1.20320856e-02 1.23291741e-02 1.24405823e-02 1.25148544e-02
 1.25891266e-02 1.27005348e-02 1.27376708e-02 1.28119430e-02
 1.28490790e-02 1.29976233e-02 1.31090315e-02 1.31090315e-02
 1.32204397e-02 1.32947118e-02 1.34432561e-02 1.34803922e-02
 1.35918004e-02 1.36660725e-02 1.37403446e-02 1.38517528e-02
 1.40002971e-02 1.40374332e-02 1.41117053e-02 1.41488414e-02
 1.41488414e-02 1.41859774e-02 1.42973856e-02 1.43716578e-02
 1.44459299e-02 1.45944742e-02 1.47430184e-02 1.48544266e-02
 1.49286988e-02 1.49286988e-02 1.51515152e-02 1.52629234e-02
 1.54486037e-02 1.54857398e-02 1.55228758e-02 1.55228758e-02
 1.55971480e-02 1.56342840e-02 1.57456922e-02 1.58199643e-02
 1.58571004e-02 1.59313725e-02 1.61170529e-02 1.61913250e-02
 1.62284611e-02 1.63770053e-02 1.64884135e-02 1.65626857e-02
 1.65626857e-02 1.65626857e-02 1.65998217e-02 1.67483660e-02
 1.67483660e-02 1.68226381e-02 1.68969103e-02 1.70454545e-02
 1.71197267e-02 1.73425431e-02 1.74168152e-02 1.74910873e-02
 1.75282234e-02 1.77139037e-02 1.78995841e-02 1.80109923e-02
 1.81595365e-02 1.84194890e-02 1.85680333e-02 1.86794415e-02
 1.87537136e-02 1.88651218e-02 1.89393939e-02 1.89765300e-02
 1.90879382e-02 1.90879382e-02 1.91993464e-02 1.93850267e-02
 1.94592989e-02 1.95335710e-02 1.95707071e-02 1.96449792e-02
 1.96821153e-02 1.97563874e-02 1.99049317e-02 2.00163399e-02
 2.00534759e-02 2.00906120e-02 2.02020202e-02 2.02762923e-02
 2.04991087e-02 2.06105169e-02 2.06476530e-02 2.06847891e-02
 2.07590612e-02 2.08333333e-02 2.08704694e-02 2.09447415e-02
 2.10190137e-02 2.11675579e-02 2.12418301e-02 2.13161022e-02
 2.14275104e-02 2.14646465e-02 2.15760547e-02 2.16503268e-02
 2.17245989e-02 2.17988711e-02 2.18731432e-02 2.19102793e-02
 2.20216875e-02 2.20959596e-02 2.22816399e-02 2.23559121e-02
 2.24301842e-02 2.25415924e-02 2.27644088e-02 2.27644088e-02
 2.28386809e-02 2.29129531e-02 2.29872252e-02 2.31357695e-02
 2.32100416e-02 2.32843137e-02 2.33585859e-02 2.34328580e-02
 2.34328580e-02 2.34699941e-02 2.36185383e-02 2.36928105e-02
 2.38413547e-02 2.39898990e-02 2.41384433e-02 2.41755793e-02
 2.42127154e-02 2.43612597e-02 2.44726679e-02 2.45469400e-02
 2.46583482e-02 2.47326203e-02 2.48440285e-02 2.50668449e-02
 2.51411171e-02 2.52525253e-02 2.53267974e-02 2.53639335e-02
 2.54382056e-02 2.54753417e-02 2.55867499e-02 2.57352941e-02
 2.58467023e-02 2.58838384e-02 2.59952466e-02 2.60323827e-02
 2.61066548e-02 2.61809269e-02 2.64037433e-02 2.64408794e-02
 2.65522876e-02 2.66636958e-02 2.68122400e-02 2.68865122e-02
 2.69979204e-02 2.71093286e-02 2.71836007e-02 2.73321450e-02
 2.74064171e-02 2.74806892e-02 2.76292335e-02 2.77406417e-02
 2.78149138e-02 2.79634581e-02 2.81491384e-02 2.82234106e-02
 2.83348188e-02 2.83719548e-02 2.85204991e-02 2.85947712e-02
 2.87061794e-02 2.87804516e-02 2.88918598e-02 2.90032680e-02
 2.93003565e-02 2.93374926e-02 2.94489008e-02 2.95974450e-02
 2.97459893e-02 2.97831254e-02 2.99688057e-02 3.00430778e-02
 3.00802139e-02 3.02287582e-02 3.02658942e-02 3.03401664e-02
 3.03773024e-02 3.04515746e-02 3.06001188e-02 3.07115270e-02
 3.08600713e-02 3.10457516e-02 3.10828877e-02 3.12314320e-02
 3.12685680e-02 3.14171123e-02 3.14542484e-02 3.16399287e-02
 3.18627451e-02 3.18998812e-02 3.20484254e-02 3.21969697e-02
 3.23083779e-02 3.24197861e-02 3.24940582e-02 3.26426025e-02
 3.27168746e-02 3.27168746e-02 3.27911468e-02 3.29396910e-02
 3.29768271e-02 3.31253714e-02 3.31996435e-02 3.33110517e-02
 3.34595960e-02 3.36081402e-02 3.36824124e-02 3.39052288e-02
 3.39423648e-02 3.40537730e-02 3.43508616e-02 3.44994058e-02
 3.45365419e-02 3.46108140e-02 3.46479501e-02 3.47222222e-02
 3.48336304e-02 3.49821747e-02 3.50193108e-02 3.51307190e-02
 3.52049911e-02 3.52792632e-02 3.54649436e-02 3.56134878e-02
 3.57248960e-02 3.57991682e-02 3.59105764e-02 3.60591206e-02
 3.62076649e-02 3.63562092e-02 3.64304813e-02 3.65790255e-02
 3.68018419e-02 3.69132501e-02 3.71360665e-02 3.72846108e-02
 3.74331551e-02 3.75816993e-02 3.76931075e-02 3.77302436e-02
 3.78416518e-02 3.79159239e-02 3.79901961e-02 3.81016043e-02
 3.82130125e-02 3.83615567e-02 3.84358289e-02 3.85472371e-02
 3.87329174e-02 3.88814617e-02 3.90671420e-02 3.91042781e-02
 3.93270945e-02 3.94756387e-02 3.95870469e-02 3.96613191e-02
 3.98098633e-02 4.01440879e-02 4.02926322e-02 4.04040404e-02
 4.07754011e-02 4.09239453e-02 4.09610814e-02 4.12581699e-02
 4.14438503e-02 4.17409388e-02 4.19266191e-02 4.19266191e-02
 4.25950683e-02 4.28550208e-02 4.30778372e-02 4.32263815e-02
 4.33006536e-02 4.38205585e-02 4.39691028e-02 4.40805110e-02
 4.41547831e-02 4.43033274e-02 4.46004159e-02 4.48603684e-02
 4.50089127e-02 4.53431373e-02 4.54916815e-02 4.56030897e-02
 4.57144979e-02 4.59744504e-02 4.62344029e-02 4.63086750e-02
 4.64572193e-02 4.65686275e-02 4.68285799e-02 4.71628045e-02
 4.73113488e-02 4.74598930e-02 4.76827094e-02 4.79797980e-02
 4.80540701e-02 4.81654783e-02 4.83511586e-02 4.83882947e-02
 4.84997029e-02 4.86111111e-02 4.89081996e-02 4.90938800e-02
 4.92424242e-02 4.95395128e-02 4.96880570e-02 4.99108734e-02
 5.03193702e-02 5.07650030e-02 5.11734997e-02 5.13591800e-02
 5.16562686e-02 5.18790850e-02 5.20647653e-02 5.21019014e-02
 5.22504456e-02 5.25475342e-02 5.28817588e-02 5.30674391e-02
 5.35873440e-02 5.36987522e-02 5.39958408e-02 5.41072490e-02
 5.41443850e-02 5.43300654e-02 5.47014260e-02 5.48871064e-02
 5.52584670e-02 5.54812834e-02 5.55926916e-02 5.58897802e-02
 5.60383244e-02 5.63354130e-02 5.65582294e-02 5.68924540e-02
 5.70409982e-02 5.74123589e-02 5.75609031e-02 5.76723113e-02
 5.78579917e-02 5.80808081e-02 5.83407605e-02 5.86007130e-02
 5.87492573e-02 5.93434343e-02 5.95662507e-02 5.96776589e-02
 5.99004753e-02 6.02718360e-02 6.04946524e-02 6.07174688e-02
 6.08660131e-02 6.10888295e-02 6.14973262e-02 6.17944147e-02
 6.20172311e-02 6.22771836e-02 6.26856803e-02 6.31313131e-02
 6.32798574e-02 6.35026738e-02 6.37626263e-02 6.38740345e-02
 6.41339869e-02 6.43196673e-02 6.47281640e-02 6.48767083e-02
 6.50623886e-02 6.51737968e-02 6.53966132e-02 6.56565657e-02
 6.60279263e-02 6.62878788e-02 6.66221034e-02 6.69191919e-02
 6.71791444e-02 6.73648247e-02 6.76619133e-02 6.81818182e-02
 6.86274510e-02 6.88874034e-02 6.92587641e-02 6.96672608e-02
 6.98529412e-02 7.00757576e-02 7.03357100e-02 7.05585264e-02
 7.08184789e-02 7.12641117e-02 7.19325609e-02 7.21925134e-02
 7.25638740e-02 7.28980986e-02 7.33065954e-02 7.36036839e-02
 7.38265003e-02 7.39007724e-02 7.41235888e-02 7.45692216e-02
 7.49034462e-02 7.52005348e-02 7.53862151e-02 7.57575758e-02
 7.59061200e-02 7.63517528e-02 7.66488414e-02 7.68345217e-02
 7.71687463e-02 7.76515152e-02 7.79486037e-02 7.83199643e-02
 7.85427807e-02 7.88027332e-02 7.90255496e-02 7.94711824e-02
 7.96197267e-02 8.02881759e-02 8.07709447e-02 8.09566251e-02
 8.11423054e-02 8.12537136e-02 8.16250743e-02 8.18107546e-02
 8.21078431e-02 8.23677956e-02 8.26648841e-02 8.29248366e-02
 8.33704694e-02 8.35932858e-02 8.38161022e-02 8.41503268e-02
 8.46702317e-02 8.49673203e-02 8.52272727e-02 8.55986334e-02
 8.59328580e-02 8.62670826e-02 8.66755793e-02 8.74183007e-02
 8.79010695e-02 8.82352941e-02 8.86066548e-02 8.90894236e-02
 8.94236482e-02 8.97207368e-02 8.99806892e-02 9.03520499e-02
 9.06491384e-02 9.10204991e-02 9.11319073e-02 9.15032680e-02
 9.19117647e-02 9.22088532e-02 9.25802139e-02 9.30258467e-02
 9.33229352e-02 9.37314320e-02 9.41770648e-02 9.47712418e-02
 9.50311943e-02 9.53654189e-02 9.59224599e-02 9.63680927e-02
 9.68508616e-02 9.74821747e-02 9.78906714e-02 9.82991682e-02
 9.87448010e-02 9.90790255e-02 9.95989305e-02 9.98960190e-02
 1.00378788e-01 1.00935829e-01 1.01381462e-01 1.02569816e-01
 1.02978313e-01 1.03572490e-01 1.04278075e-01 1.04909388e-01
 1.05503565e-01 1.06097742e-01 1.06543375e-01 1.07211824e-01
 1.07657457e-01 1.08251634e-01 1.08957219e-01 1.09477124e-01
 1.10145573e-01 1.10554070e-01 1.11036839e-01 1.11668152e-01
 1.12150921e-01 1.12373737e-01 1.12967914e-01 1.13636364e-01
 1.14527629e-01 1.15047534e-01 1.15530303e-01 1.16087344e-01
 1.16792929e-01 1.17312834e-01 1.17944147e-01 1.18835413e-01
 1.19763815e-01 1.20580808e-01 1.21100713e-01 1.21694890e-01
 1.22549020e-01 1.23477421e-01 1.24368687e-01 1.25334225e-01
 1.25854130e-01 1.26522579e-01 1.27079620e-01 1.27859477e-01
 1.28936423e-01 1.29716280e-01 1.30644682e-01 1.31350267e-01
 1.32315805e-01 1.33355615e-01 1.34692513e-01 1.35769459e-01
 1.36586453e-01 1.37774807e-01 1.38814617e-01 1.39928699e-01
 1.41079917e-01 1.42193999e-01 1.43382353e-01 1.44942068e-01
 1.46390374e-01 1.47541592e-01 1.48767083e-01 1.50103981e-01
 1.51329471e-01 1.52740642e-01 1.54151812e-01 1.55340166e-01
 1.57159834e-01 1.58645276e-01 1.59796494e-01 1.61207665e-01
 1.62544563e-01 1.63844326e-01 1.65478313e-01 1.66778075e-01
 1.68226381e-01 1.69786096e-01 1.70974450e-01 1.72719846e-01
 1.74576649e-01 1.75987819e-01 1.80147059e-01 1.81966726e-01
 1.83934938e-01 1.85940285e-01 1.87871361e-01 1.89728164e-01
 1.92216280e-01 1.94592989e-01 1.96746881e-01 1.98640820e-01
 2.00868984e-01 2.03245692e-01 2.06327986e-01 2.08481878e-01
 2.10895722e-01 2.12789661e-01 2.15277778e-01 2.17914439e-01
 2.21071004e-01 2.24524658e-01 2.27718360e-01 2.30540701e-01
 2.33511586e-01 2.36482472e-01 2.39713310e-01 2.42981283e-01
 2.46694890e-01 2.50631313e-01 2.55607546e-01 2.59246881e-01
 2.63071895e-01 2.68196673e-01 2.73321450e-01 2.78928996e-01
 2.84685086e-01 2.89772727e-01 2.95900178e-01 3.03215983e-01
 3.11125966e-01 3.18144682e-01 3.26277481e-01 3.34744504e-01
 3.43582888e-01 3.52532680e-01 3.62930778e-01 3.72920380e-01
 3.83355615e-01 3.95833333e-01 4.07976827e-01 4.19971777e-01
 4.32263815e-01 4.45818479e-01 4.59484551e-01 4.71665181e-01
 4.86148247e-01 5.00185680e-01 5.13666072e-01 5.27257873e-01
 5.40738265e-01 5.51767677e-01 5.64728164e-01 5.77205882e-01
 5.88829471e-01 6.00007427e-01 6.11222519e-01 6.23885918e-01
 6.34432561e-01 6.44756387e-01 6.54523173e-01 6.63584373e-01
 6.72756982e-01 6.82820856e-01 6.93181818e-01 7.05808081e-01
 7.20959596e-01 7.42275698e-01 7.68976530e-01 8.03884433e-01
 8.43805704e-01 8.86846405e-01 9.20640226e-01 9.40025253e-01
 9.50497623e-01 9.59707368e-01 9.65797683e-01 9.71256684e-01
 9.75601604e-01 9.79129531e-01 9.82137552e-01 9.85182709e-01
 9.88822044e-01 9.89936126e-01 9.91681521e-01 9.92832739e-01
 9.94540998e-01 9.95766488e-01 9.96732026e-01 9.97400475e-01
 9.97771836e-01 9.98366013e-01 9.98997326e-01 9.99480095e-01
 9.99665775e-01 9.99702911e-01 9.99925728e-01 1.00000000e+00]","[0.         0.         0.         0.00271739 0.00271739 0.00271739
 0.00271739 0.00543478 0.00543478 0.00543478 0.00815217 0.00815217
 0.01086957 0.01086957 0.01086957 0.01086957 0.01630435 0.01630435
 0.01902174 0.01902174 0.01902174 0.02173913 0.02173913 0.02173913
 0.02173913 0.02173913 0.02173913 0.02173913 0.02445652 0.02445652
 0.02717391 0.02717391 0.02717391 0.02717391 0.02717391 0.02717391
 0.02717391 0.02717391 0.0298913  0.0298913  0.0326087  0.0326087
 0.03532609 0.03532609 0.03532609 0.03532609 0.03532609 0.03804348
 0.03804348 0.03804348 0.03804348 0.04076087 0.04347826 0.04347826
 0.04347826 0.04347826 0.04619565 0.04619565 0.04619565 0.04891304
 0.04891304 0.05434783 0.05434783 0.05978261 0.05978261 0.05978261
 0.05978261 0.05978261 0.0625     0.0625     0.0625     0.0625
 0.0625     0.0625     0.06521739 0.06521739 0.06521739 0.06521739
 0.06521739 0.06521739 0.06521739 0.06521739 0.06521739 0.06521739
 0.06521739 0.07065217 0.07065217 0.07336957 0.07336957 0.07336957
 0.07608696 0.07608696 0.07880435 0.07880435 0.07880435 0.07880435
 0.07880435 0.07880435 0.07880435 0.07880435 0.07880435 0.07880435
 0.08152174 0.08423913 0.08423913 0.08423913 0.08967391 0.08967391
 0.0951087  0.0951087  0.09782609 0.09782609 0.10054348 0.10054348
 0.10326087 0.10326087 0.10326087 0.10597826 0.10869565 0.10869565
 0.11141304 0.11141304 0.11413043 0.11684783 0.11684783 0.11684783
 0.11684783 0.11684783 0.11956522 0.11956522 0.125      0.125
 0.125      0.125      0.12771739 0.12771739 0.13043478 0.13043478
 0.13043478 0.13043478 0.13315217 0.13315217 0.13315217 0.13315217
 0.13315217 0.13315217 0.13315217 0.13315217 0.13586957 0.13586957
 0.13586957 0.13858696 0.13858696 0.13858696 0.13858696 0.14130435
 0.14130435 0.14130435 0.14130435 0.14402174 0.14402174 0.14402174
 0.14402174 0.14402174 0.14402174 0.14402174 0.14673913 0.14673913
 0.15217391 0.1548913  0.1548913  0.1548913  0.1576087  0.1576087
 0.1576087  0.1576087  0.1576087  0.16032609 0.16032609 0.16032609
 0.16032609 0.16032609 0.16304348 0.16576087 0.16576087 0.16847826
 0.16847826 0.16847826 0.16847826 0.16847826 0.16847826 0.16847826
 0.16847826 0.16847826 0.16847826 0.16847826 0.17391304 0.17663043
 0.17663043 0.17663043 0.17934783 0.17934783 0.18206522 0.18206522
 0.18206522 0.18206522 0.18206522 0.18478261 0.18478261 0.18478261
 0.18478261 0.18478261 0.1875     0.1875     0.1875     0.1875
 0.19293478 0.19293478 0.19293478 0.19293478 0.19565217 0.19836957
 0.19836957 0.19836957 0.19836957 0.20108696 0.20108696 0.20108696
 0.20108696 0.20108696 0.20108696 0.20108696 0.20380435 0.20380435
 0.20380435 0.20380435 0.20380435 0.20380435 0.20652174 0.20652174
 0.20923913 0.20923913 0.20923913 0.20923913 0.20923913 0.20923913
 0.21195652 0.21195652 0.21467391 0.21467391 0.21467391 0.21467391
 0.2173913  0.22282609 0.22554348 0.22554348 0.22554348 0.22826087
 0.22826087 0.22826087 0.22826087 0.22826087 0.23369565 0.23641304
 0.23913043 0.23913043 0.24184783 0.24184783 0.24184783 0.24184783
 0.24728261 0.24728261 0.25       0.25271739 0.25271739 0.25271739
 0.25271739 0.25271739 0.25815217 0.25815217 0.26086957 0.26086957
 0.26086957 0.26086957 0.26086957 0.26086957 0.26358696 0.26358696
 0.26358696 0.26358696 0.26358696 0.26630435 0.26630435 0.26630435
 0.27173913 0.27173913 0.27173913 0.27445652 0.27445652 0.27445652
 0.27445652 0.27445652 0.27445652 0.27445652 0.27445652 0.27717391
 0.27717391 0.27717391 0.27717391 0.2798913  0.2798913  0.2798913
 0.2798913  0.2826087  0.2826087  0.2826087  0.28804348 0.28804348
 0.28804348 0.28804348 0.28804348 0.28804348 0.28804348 0.28804348
 0.28804348 0.28804348 0.29076087 0.29076087 0.29076087 0.29076087
 0.29076087 0.29076087 0.29076087 0.29076087 0.29347826 0.29619565
 0.29619565 0.29619565 0.29619565 0.29619565 0.29619565 0.29619565
 0.29891304 0.29891304 0.29891304 0.29891304 0.29891304 0.29891304
 0.30163043 0.30163043 0.30163043 0.30163043 0.30163043 0.30163043
 0.30163043 0.30163043 0.30434783 0.30434783 0.30706522 0.30706522
 0.30706522 0.30978261 0.30978261 0.30978261 0.30978261 0.30978261
 0.30978261 0.30978261 0.30978261 0.3125     0.3125     0.3125
 0.31793478 0.32065217 0.32336957 0.32336957 0.32608696 0.32880435
 0.32880435 0.32880435 0.32880435 0.32880435 0.32880435 0.32880435
 0.32880435 0.32880435 0.32880435 0.32880435 0.33152174 0.33152174
 0.33152174 0.33152174 0.33423913 0.33423913 0.33967391 0.33967391
 0.3423913  0.3451087  0.34782609 0.34782609 0.34782609 0.34782609
 0.34782609 0.35054348 0.35054348 0.35326087 0.35326087 0.35326087
 0.35597826 0.35597826 0.35869565 0.36413043 0.36413043 0.36413043
 0.36413043 0.36413043 0.36413043 0.36413043 0.36413043 0.36413043
 0.36413043 0.36413043 0.36413043 0.36413043 0.36413043 0.36684783
 0.36684783 0.36684783 0.36684783 0.36684783 0.36956522 0.37228261
 0.37228261 0.37228261 0.375      0.375      0.375      0.375
 0.375      0.375      0.375      0.375      0.375      0.37771739
 0.37771739 0.37771739 0.37771739 0.38043478 0.38043478 0.38586957
 0.38586957 0.38586957 0.38586957 0.39130435 0.39402174 0.39402174
 0.39402174 0.39673913 0.39673913 0.39673913 0.39673913 0.39673913
 0.39673913 0.39945652 0.39945652 0.40217391 0.40217391 0.40217391
 0.40217391 0.40217391 0.4048913  0.4048913  0.4048913  0.4048913
 0.4048913  0.4048913  0.4076087  0.41032609 0.41304348 0.41304348
 0.41304348 0.41304348 0.41304348 0.41847826 0.41847826 0.41847826
 0.42119565 0.42119565 0.42119565 0.42391304 0.42391304 0.42391304
 0.42391304 0.42391304 0.42663043 0.42663043 0.42934783 0.43206522
 0.43478261 0.43478261 0.4375     0.4375     0.4375     0.44021739
 0.44021739 0.44021739 0.44293478 0.44293478 0.44293478 0.44293478
 0.44836957 0.44836957 0.45108696 0.45108696 0.45380435 0.45380435
 0.45380435 0.45652174 0.45652174 0.45652174 0.45923913 0.4673913
 0.47282609 0.47282609 0.47554348 0.47554348 0.47554348 0.47826087
 0.48097826 0.48097826 0.48369565 0.48369565 0.48369565 0.48641304
 0.48641304 0.48641304 0.48641304 0.48913043 0.48913043 0.49456522
 0.49456522 0.49728261 0.49728261 0.49728261 0.49728261 0.49728261
 0.49728261 0.49728261 0.49728261 0.5        0.50271739 0.50271739
 0.50271739 0.50543478 0.50543478 0.50543478 0.50543478 0.50815217
 0.50815217 0.50815217 0.50815217 0.50815217 0.50815217 0.50815217
 0.50815217 0.51086957 0.51358696 0.51358696 0.51630435 0.51630435
 0.51902174 0.51902174 0.51902174 0.52445652 0.52445652 0.52445652
 0.52445652 0.52445652 0.52445652 0.52445652 0.52717391 0.52717391
 0.5298913  0.5326087  0.5326087  0.5326087  0.53532609 0.53532609
 0.53532609 0.53532609 0.53532609 0.53532609 0.54076087 0.54347826
 0.54347826 0.54347826 0.54891304 0.54891304 0.54891304 0.55163043
 0.55706522 0.55978261 0.5625     0.5625     0.5625     0.5625
 0.5625     0.5625     0.5625     0.56521739 0.56521739 0.56793478
 0.57336957 0.57336957 0.57336957 0.57608696 0.57608696 0.57608696
 0.57608696 0.57608696 0.57880435 0.57880435 0.57880435 0.58152174
 0.58423913 0.5923913  0.5923913  0.5923913  0.5923913  0.5923913
 0.5923913  0.5951087  0.5951087  0.5951087  0.59782609 0.59782609
 0.59782609 0.60054348 0.60054348 0.60597826 0.60597826 0.60597826
 0.60597826 0.60597826 0.60869565 0.60869565 0.60869565 0.60869565
 0.60869565 0.60869565 0.61141304 0.61141304 0.61141304 0.61413043
 0.61413043 0.61956522 0.62228261 0.62228261 0.625      0.625
 0.625      0.62771739 0.63043478 0.63043478 0.63043478 0.63043478
 0.63043478 0.63043478 0.63043478 0.63315217 0.63315217 0.63586957
 0.64130435 0.64402174 0.64673913 0.64945652 0.65217391 0.65217391
 0.6548913  0.6548913  0.6548913  0.6548913  0.66304348 0.66576087
 0.66847826 0.66847826 0.67119565 0.67119565 0.67391304 0.67663043
 0.67663043 0.67663043 0.67934783 0.67934783 0.67934783 0.67934783
 0.67934783 0.68478261 0.68478261 0.6875     0.69836957 0.69836957
 0.70108696 0.70652174 0.70652174 0.70923913 0.70923913 0.70923913
 0.71195652 0.7173913  0.7173913  0.7173913  0.7173913  0.7201087
 0.7201087  0.72554348 0.72826087 0.72826087 0.73369565 0.74184783
 0.75       0.75271739 0.75271739 0.75815217 0.75815217 0.75815217
 0.76086957 0.76358696 0.76630435 0.76902174 0.77173913 0.77445652
 0.77717391 0.7798913  0.7826087  0.79076087 0.80163043 0.80434783
 0.80706522 0.8125     0.81793478 0.81793478 0.81793478 0.81793478
 0.82065217 0.82336957 0.82608696 0.83152174 0.83423913 0.83695652
 0.83695652 0.83967391 0.8423913  0.8423913  0.8423913  0.85054348
 0.85597826 0.85869565 0.86141304 0.86413043 0.87228261 0.875
 0.88043478 0.88586957 0.88858696 0.89945652 0.9048913  0.9048913
 0.91032609 0.91304348 0.91304348 0.92119565 0.92391304 0.92663043
 0.92934783 0.92934783 0.92934783 0.92934783 0.93478261 0.9375
 0.9375     0.94021739 0.94293478 0.95108696 0.95108696 0.95380435
 0.96195652 0.9673913  0.9701087  0.9701087  0.9701087  0.97282609
 0.97282609 0.97826087 0.98369565 0.98641304 0.98641304 0.99456522
 1.         1.         1.         1.         1.         1.
 1.         1.         1.         1.         1.         1.
 1.         1.         1.         1.         1.         1.
 1.         1.         1.         1.         1.         1.
 1.         1.        ]","[1.8597e+00 8.5970e-01 2.2050e-01 2.1950e-01 1.8390e-01 1.8330e-01
 1.7220e-01 1.7130e-01 1.6790e-01 1.6770e-01 1.6730e-01 1.6480e-01
 1.6440e-01 1.6370e-01 1.6360e-01 1.5610e-01 1.5550e-01 1.5280e-01
 1.5270e-01 1.5030e-01 1.5010e-01 1.5000e-01 1.4830e-01 1.4730e-01
 1.4390e-01 1.4330e-01 1.4300e-01 1.4090e-01 1.4080e-01 1.3970e-01
 1.3890e-01 1.3570e-01 1.3470e-01 1.3400e-01 1.3310e-01 1.3220e-01
 1.3210e-01 1.3030e-01 1.3000e-01 1.2890e-01 1.2830e-01 1.2810e-01
 1.2740e-01 1.2560e-01 1.2530e-01 1.2430e-01 1.2400e-01 1.2390e-01
 1.2360e-01 1.2320e-01 1.2300e-01 1.2240e-01 1.2190e-01 1.2070e-01
 1.2030e-01 1.2010e-01 1.1970e-01 1.1900e-01 1.1880e-01 1.1860e-01
 1.1850e-01 1.1800e-01 1.1780e-01 1.1750e-01 1.1730e-01 1.1710e-01
 1.1580e-01 1.1570e-01 1.1560e-01 1.1520e-01 1.1470e-01 1.1440e-01
 1.1420e-01 1.1330e-01 1.1290e-01 1.1270e-01 1.1120e-01 1.1100e-01
 1.0980e-01 1.0950e-01 1.0840e-01 1.0830e-01 1.0800e-01 1.0790e-01
 1.0740e-01 1.0690e-01 1.0670e-01 1.0660e-01 1.0580e-01 1.0570e-01
 1.0550e-01 1.0510e-01 1.0500e-01 1.0490e-01 1.0430e-01 1.0390e-01
 1.0370e-01 1.0360e-01 1.0340e-01 1.0330e-01 1.0320e-01 1.0280e-01
 1.0270e-01 1.0250e-01 1.0230e-01 1.0210e-01 1.0200e-01 1.0160e-01
 1.0100e-01 9.9900e-02 9.9700e-02 9.8700e-02 9.8400e-02 9.8100e-02
 9.8000e-02 9.7400e-02 9.7300e-02 9.7200e-02 9.7000e-02 9.6900e-02
 9.6800e-02 9.6500e-02 9.6400e-02 9.6100e-02 9.5600e-02 9.5200e-02
 9.5100e-02 9.4400e-02 9.4300e-02 9.3200e-02 9.2900e-02 9.2600e-02
 9.2400e-02 9.2100e-02 9.1700e-02 9.0900e-02 9.0600e-02 9.0500e-02
 9.0300e-02 8.9800e-02 8.9600e-02 8.9300e-02 8.9200e-02 8.9100e-02
 8.8900e-02 8.7400e-02 8.7300e-02 8.7000e-02 8.6700e-02 8.6200e-02
 8.6100e-02 8.6000e-02 8.5800e-02 8.5600e-02 8.5300e-02 8.5000e-02
 8.4100e-02 8.4000e-02 8.3500e-02 8.3300e-02 8.3200e-02 8.2900e-02
 8.2700e-02 8.2400e-02 8.2300e-02 8.2200e-02 8.2000e-02 8.1800e-02
 8.1300e-02 8.1200e-02 8.0700e-02 8.0600e-02 8.0500e-02 8.0000e-02
 7.9500e-02 7.9300e-02 7.9100e-02 7.8900e-02 7.8400e-02 7.8300e-02
 7.8200e-02 7.8100e-02 7.7800e-02 7.7600e-02 7.7300e-02 7.7200e-02
 7.7000e-02 7.6900e-02 7.6600e-02 7.6300e-02 7.5300e-02 7.5200e-02
 7.4900e-02 7.4600e-02 7.4300e-02 7.4100e-02 7.4000e-02 7.3900e-02
 7.3800e-02 7.3600e-02 7.3500e-02 7.3400e-02 7.3300e-02 7.2800e-02
 7.2700e-02 7.2000e-02 7.1900e-02 7.1800e-02 7.1700e-02 7.1600e-02
 7.0900e-02 7.0700e-02 7.0600e-02 6.9800e-02 6.9600e-02 6.9500e-02
 6.9300e-02 6.8900e-02 6.8800e-02 6.8700e-02 6.8600e-02 6.8500e-02
 6.8400e-02 6.8300e-02 6.8100e-02 6.7700e-02 6.7600e-02 6.7500e-02
 6.7400e-02 6.7300e-02 6.7200e-02 6.6800e-02 6.6700e-02 6.6600e-02
 6.6500e-02 6.6300e-02 6.5900e-02 6.5600e-02 6.5500e-02 6.5400e-02
 6.5300e-02 6.5200e-02 6.5100e-02 6.5000e-02 6.4800e-02 6.4600e-02
 6.4300e-02 6.4200e-02 6.4100e-02 6.4000e-02 6.3900e-02 6.3800e-02
 6.3600e-02 6.3400e-02 6.3300e-02 6.3200e-02 6.3100e-02 6.3000e-02
 6.2900e-02 6.2800e-02 6.2600e-02 6.2500e-02 6.2300e-02 6.2200e-02
 6.2100e-02 6.2000e-02 6.1800e-02 6.1700e-02 6.1600e-02 6.1400e-02
 6.1200e-02 6.1100e-02 6.1000e-02 6.0900e-02 6.0700e-02 6.0500e-02
 6.0300e-02 6.0200e-02 6.0100e-02 6.0000e-02 5.9900e-02 5.9700e-02
 5.9600e-02 5.9400e-02 5.9300e-02 5.9100e-02 5.9000e-02 5.8800e-02
 5.8600e-02 5.8500e-02 5.8300e-02 5.8200e-02 5.8100e-02 5.8000e-02
 5.7900e-02 5.7700e-02 5.7600e-02 5.7500e-02 5.7400e-02 5.7300e-02
 5.7200e-02 5.7000e-02 5.6600e-02 5.6500e-02 5.6400e-02 5.6300e-02
 5.6200e-02 5.6100e-02 5.6000e-02 5.5900e-02 5.5500e-02 5.5400e-02
 5.5300e-02 5.5200e-02 5.5100e-02 5.4800e-02 5.4600e-02 5.4500e-02
 5.4400e-02 5.4300e-02 5.4200e-02 5.4100e-02 5.4000e-02 5.3900e-02
 5.3800e-02 5.3700e-02 5.3600e-02 5.3500e-02 5.3100e-02 5.3000e-02
 5.2900e-02 5.2800e-02 5.2600e-02 5.2500e-02 5.2400e-02 5.2300e-02
 5.2200e-02 5.2100e-02 5.2000e-02 5.1900e-02 5.1800e-02 5.1700e-02
 5.1600e-02 5.1500e-02 5.1400e-02 5.1300e-02 5.1200e-02 5.1100e-02
 5.1000e-02 5.0800e-02 5.0700e-02 5.0600e-02 5.0300e-02 5.0200e-02
 5.0000e-02 4.9900e-02 4.9800e-02 4.9700e-02 4.9600e-02 4.9500e-02
 4.9400e-02 4.9300e-02 4.9200e-02 4.9100e-02 4.9000e-02 4.8900e-02
 4.8800e-02 4.8700e-02 4.8600e-02 4.8500e-02 4.8400e-02 4.8300e-02
 4.8200e-02 4.8100e-02 4.8000e-02 4.7800e-02 4.7700e-02 4.7600e-02
 4.7500e-02 4.7400e-02 4.7300e-02 4.7200e-02 4.7100e-02 4.6900e-02
 4.6700e-02 4.6600e-02 4.6500e-02 4.6400e-02 4.6300e-02 4.6100e-02
 4.6000e-02 4.5900e-02 4.5800e-02 4.5700e-02 4.5600e-02 4.5500e-02
 4.5400e-02 4.5300e-02 4.5200e-02 4.5000e-02 4.4900e-02 4.4700e-02
 4.4600e-02 4.4500e-02 4.4400e-02 4.4300e-02 4.4200e-02 4.4100e-02
 4.4000e-02 4.3900e-02 4.3800e-02 4.3700e-02 4.3600e-02 4.3500e-02
 4.3400e-02 4.3300e-02 4.3000e-02 4.2900e-02 4.2800e-02 4.2700e-02
 4.2600e-02 4.2500e-02 4.2400e-02 4.2300e-02 4.2200e-02 4.2100e-02
 4.2000e-02 4.1900e-02 4.1800e-02 4.1600e-02 4.1500e-02 4.1400e-02
 4.1100e-02 4.1000e-02 4.0900e-02 4.0800e-02 4.0600e-02 4.0400e-02
 4.0300e-02 4.0200e-02 4.0100e-02 4.0000e-02 3.9900e-02 3.9800e-02
 3.9700e-02 3.9600e-02 3.9500e-02 3.9400e-02 3.9300e-02 3.9200e-02
 3.9100e-02 3.9000e-02 3.8900e-02 3.8800e-02 3.8700e-02 3.8600e-02
 3.8500e-02 3.8400e-02 3.8300e-02 3.8200e-02 3.8100e-02 3.8000e-02
 3.7900e-02 3.7800e-02 3.7700e-02 3.7600e-02 3.7500e-02 3.7400e-02
 3.7300e-02 3.7200e-02 3.7100e-02 3.7000e-02 3.6900e-02 3.6800e-02
 3.6700e-02 3.6600e-02 3.6500e-02 3.6400e-02 3.6300e-02 3.6200e-02
 3.6100e-02 3.6000e-02 3.5900e-02 3.5800e-02 3.5700e-02 3.5600e-02
 3.5500e-02 3.5400e-02 3.5300e-02 3.5200e-02 3.5100e-02 3.5000e-02
 3.4900e-02 3.4800e-02 3.4700e-02 3.4600e-02 3.4500e-02 3.4400e-02
 3.4300e-02 3.4200e-02 3.4100e-02 3.3900e-02 3.3800e-02 3.3700e-02
 3.3600e-02 3.3500e-02 3.3400e-02 3.3300e-02 3.3200e-02 3.3000e-02
 3.2900e-02 3.2800e-02 3.2700e-02 3.2600e-02 3.2500e-02 3.2400e-02
 3.2300e-02 3.2200e-02 3.2100e-02 3.2000e-02 3.1900e-02 3.1800e-02
 3.1700e-02 3.1500e-02 3.1400e-02 3.1300e-02 3.1200e-02 3.1100e-02
 3.1000e-02 3.0900e-02 3.0800e-02 3.0700e-02 3.0600e-02 3.0500e-02
 3.0400e-02 3.0300e-02 3.0200e-02 3.0100e-02 3.0000e-02 2.9900e-02
 2.9800e-02 2.9700e-02 2.9600e-02 2.9400e-02 2.9200e-02 2.9100e-02
 2.9000e-02 2.8900e-02 2.8800e-02 2.8700e-02 2.8600e-02 2.8500e-02
 2.8400e-02 2.8300e-02 2.8100e-02 2.8000e-02 2.7900e-02 2.7800e-02
 2.7700e-02 2.7600e-02 2.7500e-02 2.7400e-02 2.7300e-02 2.7200e-02
 2.7100e-02 2.7000e-02 2.6900e-02 2.6800e-02 2.6700e-02 2.6500e-02
 2.6400e-02 2.6300e-02 2.6200e-02 2.6100e-02 2.6000e-02 2.5900e-02
 2.5800e-02 2.5700e-02 2.5600e-02 2.5500e-02 2.5400e-02 2.5300e-02
 2.5200e-02 2.5100e-02 2.5000e-02 2.4900e-02 2.4800e-02 2.4700e-02
 2.4600e-02 2.4500e-02 2.4400e-02 2.4300e-02 2.4200e-02 2.4100e-02
 2.4000e-02 2.3900e-02 2.3800e-02 2.3700e-02 2.3600e-02 2.3500e-02
 2.3400e-02 2.3300e-02 2.3200e-02 2.3000e-02 2.2900e-02 2.2800e-02
 2.2700e-02 2.2600e-02 2.2500e-02 2.2400e-02 2.2300e-02 2.2200e-02
 2.2100e-02 2.2000e-02 2.1900e-02 2.1800e-02 2.1700e-02 2.1600e-02
 2.1500e-02 2.1400e-02 2.1300e-02 2.1200e-02 2.1100e-02 2.1000e-02
 2.0900e-02 2.0800e-02 2.0700e-02 2.0600e-02 2.0500e-02 2.0400e-02
 2.0300e-02 2.0200e-02 2.0100e-02 2.0000e-02 1.9900e-02 1.9800e-02
 1.9700e-02 1.9600e-02 1.9500e-02 1.9300e-02 1.9200e-02 1.9100e-02
 1.9000e-02 1.8900e-02 1.8800e-02 1.8700e-02 1.8600e-02 1.8500e-02
 1.8400e-02 1.8300e-02 1.8200e-02 1.8100e-02 1.8000e-02 1.7900e-02
 1.7800e-02 1.7700e-02 1.7600e-02 1.7500e-02 1.7400e-02 1.7300e-02
 1.7200e-02 1.7100e-02 1.7000e-02 1.6900e-02 1.6800e-02 1.6700e-02
 1.6600e-02 1.6500e-02 1.6400e-02 1.6300e-02 1.6200e-02 1.6100e-02
 1.6000e-02 1.5900e-02 1.5800e-02 1.5700e-02 1.5600e-02 1.5500e-02
 1.5400e-02 1.5300e-02 1.5200e-02 1.5100e-02 1.5000e-02 1.4900e-02
 1.4800e-02 1.4700e-02 1.4600e-02 1.4500e-02 1.4400e-02 1.4300e-02
 1.4200e-02 1.4100e-02 1.4000e-02 1.3900e-02 1.3800e-02 1.3700e-02
 1.3600e-02 1.3500e-02 1.3400e-02 1.3300e-02 1.3200e-02 1.3100e-02
 1.3000e-02 1.2900e-02 1.2800e-02 1.2700e-02 1.2600e-02 1.2500e-02
 1.2400e-02 1.2300e-02 1.2200e-02 1.2100e-02 1.2000e-02 1.1900e-02
 1.1800e-02 1.1700e-02 1.1600e-02 1.1500e-02 1.1300e-02 1.1200e-02
 1.1100e-02 1.1000e-02 1.0900e-02 1.0800e-02 1.0700e-02 1.0600e-02
 1.0500e-02 1.0400e-02 1.0300e-02 1.0200e-02 1.0100e-02 1.0000e-02
 9.9000e-03 9.8000e-03 9.7000e-03 9.6000e-03 9.5000e-03 9.4000e-03
 9.3000e-03 9.2000e-03 9.1000e-03 9.0000e-03 8.9000e-03 8.8000e-03
 8.7000e-03 8.6000e-03 8.5000e-03 8.4000e-03 8.3000e-03 8.2000e-03
 8.1000e-03 8.0000e-03 7.9000e-03 7.8000e-03 7.7000e-03 7.6000e-03
 7.5000e-03 7.4000e-03 7.3000e-03 7.2000e-03 7.1000e-03 7.0000e-03
 6.9000e-03 6.8000e-03 6.7000e-03 6.6000e-03 6.5000e-03 6.4000e-03
 6.3000e-03 6.2000e-03 6.1000e-03 6.0000e-03 5.9000e-03 5.8000e-03
 5.7000e-03 5.6000e-03 5.5000e-03 5.4000e-03 5.3000e-03 5.2000e-03
 5.1000e-03 5.0000e-03 4.9000e-03 4.8000e-03 4.7000e-03 4.6000e-03
 4.5000e-03 4.4000e-03 4.3000e-03 4.2000e-03 4.1000e-03 4.0000e-03
 3.9000e-03 3.8000e-03 3.7000e-03 3.6000e-03 3.5000e-03 3.4000e-03
 3.3000e-03 3.2000e-03 3.1000e-03 3.0000e-03 2.9000e-03 2.8000e-03
 2.7000e-03 2.6000e-03 2.5000e-03 2.4000e-03 2.2000e-03 2.1000e-03
 2.0000e-03 1.9000e-03 1.8000e-03 1.7000e-03 1.6000e-03 1.5000e-03
 1.4000e-03 1.3000e-03 1.2000e-03 1.1000e-03 1.0000e-03 9.0000e-04
 7.0000e-04 5.0000e-04]"
2005_2007,2011_2013,2017_2019,0.8276553940201269,"[0.00000000e+00 3.85876905e-05 7.71753811e-05 ... 9.68049392e-01
 9.79046884e-01 1.00000000e+00]",[0. 0. 0. ... 1. 1. 1.],[1.3268e+00 3.2680e-01 3.2160e-01 ... 2.0000e-04 1.0000e-04 0.0000e+00]
2008_2010,2011_2013,2014_2016,0.8189594156660702,"[0.00000000e+00 3.77244605e-05 3.77244605e-04 ... 9.85589256e-01
 9.95095820e-01 1.00000000e+00]",[0. 0. 0. ... 1. 1. 1.],[1.5897e+00 5.8970e-01 4.9590e-01 ... 2.0000e-04 1.0000e-04 0.0000e+00]
2011_2013,2014_2016,2017_2019,0.7869658524967637,"[0.00000000e+00 3.85876905e-05 7.71753811e-05 ... 9.58055180e-01
 9.69670075e-01 1.00000000e+00]",[0. 0. 0. ... 1. 1. 1.],[1.9473e+00 9.4730e-01 9.0160e-01 ... 2.0000e-04 1.0000e-04 0.0000e+00]
